,date,state,positive,probableCases,negative,pending,totalTestResultsSource,totalTestResults,hospitalizedCurrently,hospitalizedCumulative,inIcuCurrently,inIcuCumulative,onVentilatorCurrently,onVentilatorCumulative,recovered,dataQualityGrade,lastUpdateEt,dateModified,checkTimeEt,death,hospitalized,dateChecked,totalTestsViral,positiveTestsViral,negativeTestsViral,positiveCasesViral,deathConfirmed,deathProbable,totalTestEncountersViral,totalTestsPeopleViral,totalTestsAntibody,positiveTestsAntibody,negativeTestsAntibody,totalTestsPeopleAntibody,positiveTestsPeopleAntibody,negativeTestsPeopleAntibody,totalTestsPeopleAntigen,positiveTestsPeopleAntigen,totalTestsAntigen,positiveTestsAntigen,fips,positiveIncrease,negativeIncrease,total,totalTestResultsIncrease,posNeg,deathIncrease,hospitalizedIncrease,hash,commercialScore,negativeRegularScore,negativeScore,positiveScore,score,grade
0,20201204,TX,1228812,,9882224.0,,posNeg,11111036,9015.0,,2645.0,,,,1012700.0,A,12/4/2020 16:30,2020-12-04T16:30:00Z,12/04 11:30,22255.0,,2020-12-04T16:30:00Z,11111036.0,,,1228812,,,,,583553.0,62869.0,,,,,,,710943.0,59737.0,48,13699,79890,11111036,93589,11111036,255,0,2a6741684b0793da52834d6cd04d8499985af381,0,0,0,0,0,
1,20201203,TX,1215113,,9802334.0,,posNeg,11017447,9151.0,,2623.0,,,,1003141.0,A,12/3/2020 18:25,2020-12-03T18:25:00Z,12/03 13:25,22000.0,,2020-12-03T18:25:00Z,11017447.0,,,1215113,,,,,578670.0,62140.0,,,,,,,686194.0,57330.0,48,14439,70462,11017447,84901,11017447,244,0,809b1288e43efdb1f19e665c4c50fbc6d15dd0dc,0,0,0,0,0,
2,20201202,TX,1200674,,9731872.0,,posNeg,10932546,9109.0,,2544.0,,,,993151.0,A,12/2/2020 17:45,2020-12-02T17:45:00Z,12/02 12:45,21756.0,,2020-12-02T17:45:00Z,10932546.0,,,1200674,,,,,575536.0,61488.0,,,,,,,682029.0,56878.0,48,16424,45920,10932546,62344,10932546,207,0,b5531c6a96f964b0c84c785b2e6d1a4b6cf1650d,0,0,0,0,0,
3,20201201,TX,1184250,,9685952.0,,posNeg,10870202,9047.0,,2583.0,,,,976517.0,A,12/1/2020 17:40,2020-12-01T17:40:00Z,12/01 12:40,21549.0,,2020-12-01T17:40:00Z,10870202.0,,,1184250,,,,,573566.0,61129.0,,,,,,,635013.0,54253.0,48,16139,92304,10870202,108443,10870202,170,0,d73ca5f75b0addcc253bda60d3e8c3c844572584,0,0,0,0,0,
4,20201130,TX,1168111,,9593648.0,,posNeg,10761759,8900.0,,2536.0,,,,962639.0,A,11/30/2020 17:40,2020-11-30T17:40:00Z,11/30 12:40,21379.0,,2020-11-30T17:40:00Z,10761759.0,,,1168111,,,,,571451.0,60825.0,,,,,,,624708.0,52625.0,48,10838,47244,10761759,58082,10761759,22,0,e0605526d322f2f1564cb528cd4ae16421556d1c,0,0,0,0,0,
5,20201129,TX,1157273,,9546404.0,,posNeg,10703677,8634.0,,2487.0,,,,954465.0,A,11/29/2020 15:10,2020-11-29T15:10:00Z,11/29 10:10,21357.0,,2020-11-29T15:10:00Z,10703677.0,,,1157273,,,,,570888.0,60759.0,,,,,,,622415.0,52529.0,48,6204,60624,10703677,66828,10703677,48,0,7b45bd86fce29cb7669fc5ebfc533d9032ec5494,0,0,0,0,0,
6,20201128,TX,1151069,,9485780.0,,posNeg,10636849,8597.0,,2427.0,,,,950586.0,A,11/28/2020 15:35,2020-11-28T15:35:00Z,11/28 10:35,21309.0,,2020-11-28T15:35:00Z,10636849.0,,,1151069,,,,,569242.0,60487.0,,,,,,,618165.0,52106.0,48,4024,134266,10636849,138290,10636849,102,0,fcb9764ff3e33dcfac4abe21d6e997809bcf9b3e,0,0,0,0,0,
7,20201127,TX,1147045,,9351514.0,,posNeg,10498559,8518.0,,2449.0,,,,946663.0,A,11/27/2020 15:10,2020-11-27T15:10:00Z,11/27 10:10,21207.0,,2020-11-27T15:10:00Z,10498559.0,,,1147045,,,,,563123.0,59679.0,,,,,,,598680.0,50637.0,48,3429,108936,10498559,112365,10498559,51,0,0a952d9617af05654958a196ad96a0a55800b9b4,0,0,0,0,0,
8,20201126,TX,1143616,,9242578.0,,posNeg,10386194,8706.0,,2444.0,,,,943457.0,A,11/26/2020 15:15,2020-11-26T15:15:00Z,11/26 10:15,21156.0,,2020-11-26T15:15:00Z,10386194.0,,,1143616,,,,,560010.0,59031.0,,,,,,,586938.0,49436.0,48,12636,53716,10386194,66352,10386194,206,0,f929c0b5ca469f3bd79cf85761792ea17e663259,0,0,0,0,0,
9,20201125,TX,1130980,,9188862.0,,posNeg,10319842,8585.0,,2356.0,,,,935011.0,A,11/25/2020 16:45,2020-11-25T16:45:00Z,11/25 11:45,20950.0,,2020-11-25T16:45:00Z,10319842.0,,,1130980,,,,,556284.0,58350.0,,,,,,,580108.0,48922.0,48,15609,63830,10319842,79439,10319842,200,0,9bd684c384011c81158b2c47f0847cc09c7f5b27,0,0,0,0,0,
10,20201124,TX,1115371,,9125032.0,,posNeg,10240403,8495.0,,2331.0,,,,927331.0,A,11/24/2020 16:25,2020-11-24T16:25:00Z,11/24 11:25,20750.0,,2020-11-24T16:25:00Z,10240403.0,,,1115371,,,,,553956.0,57944.0,,,,,,,576901.0,48434.0,48,14392,102155,10240403,116547,10240403,162,0,f3f6b0355415fb659f35689da50962d9c99abaec,0,0,0,0,0,
11,20201123,TX,1100979,,9022877.0,,posNeg,10123856,8353.0,,2299.0,,,,917739.0,A,11/23/2020 16:35,2020-11-23T16:35:00Z,11/23 11:35,20588.0,,2020-11-23T16:35:00Z,10123856.0,,,1100979,,,,,552103.0,57713.0,,,,,,,571916.0,47800.0,48,6704,125732,10123856,132436,10123856,32,0,f4b508166f4ac2f858afa988f2f229f5e34e6e41,0,0,0,0,0,
12,20201122,TX,1094275,,8897145.0,,posNeg,9991420,8174.0,,2215.0,,,,913796.0,A,11/22/2020 13:50,2020-11-22T13:50:00Z,11/22 08:50,20556.0,,2020-11-22T13:50:00Z,9991420.0,,,1094275,,,,,548439.0,57040.0,,,,,,,553746.0,46849.0,48,8751,74540,9991420,83291,9991420,89,0,f0a6b1895408e63288732d485b48190c90637909,0,0,0,0,0,
13,20201121,TX,1085524,,8822605.0,,posNeg,9908129,8245.0,,2195.0,,,,909137.0,A,11/21/2020 15:25,2020-11-21T15:25:00Z,11/21 10:25,20467.0,,2020-11-21T15:25:00Z,9908129.0,,,1085524,,,,,545643.0,56537.0,,,,,,,545220.0,46285.0,48,12826,108067,9908129,120893,9908129,171,0,aceda67e3baf3fabc0fd86fb987814ee9afee4e7,0,0,0,0,0,
14,20201120,TX,1072698,,8714538.0,,posNeg,9787236,8164.0,,2214.0,,,,901943.0,A,11/20/2020 18:50,2020-11-20T18:50:00Z,11/20 13:50,20296.0,,2020-11-20T18:50:00Z,9787236.0,,,1072698,,,,,539765.0,55555.0,,,,,,,535673.0,45348.0,48,11815,118924,9787236,130739,9787236,183,0,bc0b163bc596a27de4ef9115de1ef566d2de5185,0,0,0,0,0,
15,20201119,TX,1060883,,8595614.0,,posNeg,9656497,7982.0,,2154.0,,,,896191.0,A,11/19/2020 17:45,2020-11-19T17:45:00Z,11/19 12:45,20113.0,,2020-11-19T17:45:00Z,9656497.0,,,1060883,,,,,535321.0,54717.0,,,,,,,522222.0,44199.0,48,12500,121654,9656497,134154,9656497,230,0,f4a2fb037b38914535323cd36f5a19238623009b,0,0,0,0,0,
16,20201118,TX,1048383,,8473960.0,,posNeg,9522343,7958.0,,2127.0,,,,889099.0,A,11/18/2020 17:40,2020-11-18T17:40:00Z,11/18 12:40,19883.0,,2020-11-18T17:40:00Z,9522343.0,,,1048383,,,,,532113.0,54291.0,,,,,,,512253.0,43087.0,48,8870,72404,9522343,81274,9522343,187,0,def711d4a4a52fdf18f047c0050e12f6e1715f07,0,0,0,0,0,
17,20201117,TX,1039513,,8401556.0,,posNeg,9441069,7841.0,,2127.0,,,,883223.0,A,11/17/2020 19:30,2020-11-17T19:30:00Z,11/17 14:30,19696.0,,2020-11-17T19:30:00Z,9441069.0,,,1039513,,,,,530418.0,54046.0,,,,,,,507805.0,42551.0,48,11624,50834,9441069,62458,9441069,117,0,847d77304d1a8d4c64c8761ff00481e8119285d1,0,0,0,0,0,
18,20201116,TX,1027889,,8350722.0,,posNeg,9378611,7468.0,,2047.0,,,,875521.0,A,11/16/2020 17:55,2020-11-16T17:55:00Z,11/16 12:55,19579.0,,2020-11-16T17:55:00Z,9371443.0,,,1027889,,,,,528417.0,53738.0,,,,,,,495966.0,41850.0,48,7168,0,9378611,7168,9378611,20,0,544cb72a4931aba80571cfd97cb1722bc280cb25,0,0,0,0,0,
19,20201115,TX,1020721,,8350722.0,,posNeg,9371443,7274.0,,2047.0,,,,871784.0,A,11/15/2020 20:20,2020-11-15T20:20:00Z,11/15 15:20,19559.0,,2020-11-15T20:20:00Z,9371443.0,,,1020721,,,,,528417.0,53738.0,,,,,,,495966.0,41850.0,48,6561,129500,9371443,136061,9371443,89,0,834e6d84a372844dbfc123ea45c53cbcdbe5106f,0,0,0,0,0,
20,20201114,TX,1014160,,8221222.0,,posNeg,9235382,7151.0,,1976.0,,,,861205.0,A,11/14/2020 16:00,2020-11-14T16:00:00Z,11/14 11:00,19470.0,,2020-11-14T16:00:00Z,9235382.0,,,1014160,,,,,523180.0,52886.0,,,,,,,482529.0,40473.0,48,9177,72836,9235382,82013,9235382,150,0,5d487dc9e27d6f57fdfae7ea03e17029d3925ecb,0,0,0,0,0,
21,20201113,TX,1004983,,8148386.0,,posNeg,9153369,7083.0,,1959.0,,,,850648.0,A,11/13/2020 16:50,2020-11-13T16:50:00Z,11/13 11:50,19320.0,,2020-11-13T16:50:00Z,9153369.0,,,1004983,,,,,519740.0,52329.0,,,,,,,463438.0,38853.0,48,11142,109010,9153369,120152,9153369,173,0,fc4ce72897e4b1d20587182fb49b49be1ef86091,0,0,0,0,0,
22,20201112,TX,993841,,8039376.0,,posNeg,9033217,6925.0,,1879.0,,,,838950.0,A,11/12/2020 17:25,2020-11-12T17:25:00Z,11/12 12:25,19147.0,,2020-11-12T17:25:00Z,9033217.0,,,993841,,,,,515698.0,51772.0,,,,,,,449822.0,37190.0,48,8461,17585,9033217,26046,9033217,143,0,b151d9cd4dc43a887452f1ab52aa1b00a83c65bb,0,0,0,0,0,
23,20201111,TX,985380,,8021791.0,,posNeg,9007171,6779.0,,1879.0,,,,831800.0,A,11/11/2020 19:15,2020-11-11T19:15:00Z,11/11 14:15,19004.0,,2020-11-11T19:15:00Z,9007171.0,,,985380,,,,,514912.0,51717.0,,,,,,,441183.0,36301.0,48,11150,94182,9007171,105332,9007171,141,0,ec0dcbf921213a59841e3a3d9c308122d7bfe7df,0,0,0,0,0,
24,20201110,TX,974230,,7927609.0,,posNeg,8901839,6170.0,,1828.0,,,,826116.0,A,11/10/2020 17:50,2020-11-10T17:50:00Z,11/10 12:50,18863.0,,2020-11-10T17:50:00Z,8901839.0,,,974230,,,,,513192.0,51519.0,,,,,,,436853.0,35836.0,48,11211,40686,8901839,51897,8901839,94,0,553c4ff1c729215d7be9f606c4a9a573dd98d364,0,0,0,0,0,
25,20201109,TX,963019,,7886923.0,,posNeg,8849942,6103.0,,1816.0,,,,820156.0,A,11/9/2020 17:40,2020-11-09T17:40:00Z,11/09 12:40,18769.0,,2020-11-09T17:40:00Z,8849942.0,,,963019,,,,,511176.0,51213.0,,,,,,,432217.0,35328.0,48,6785,108300,8849942,115085,8849942,26,0,54cdedaf81e0631569395814f4e4a35e5cca577a,0,0,0,0,0,
26,20201108,TX,956234,,7778623.0,,posNeg,8734857,6080.0,,1786.0,,,,820215.0,A,11/8/2020 16:25,2020-11-08T16:25:00Z,11/08 11:25,18743.0,,2020-11-08T16:25:00Z,8734857.0,,,956234,,,,,509011.0,50934.0,,,,,,,415404.0,34290.0,48,5685,94182,8734857,99867,8734857,43,0,44377ff78f8a513c79698c0e1a6d1a05ab8ed8ac,0,0,0,0,0,
27,20201107,TX,950549,,7684441.0,,posNeg,8634990,6068.0,,1759.0,,,,811330.0,A,11/7/2020 16:15,2020-11-07T16:15:00Z,11/07 11:15,18700.0,,2020-11-07T16:15:00Z,8634990.0,,,950549,,,,,506808.0,50556.0,,,,,,,405632.0,33156.0,48,8010,73214,8634990,81224,8634990,111,0,4425ba54047dc174c26d78d72049798d0825590e,0,0,0,0,0,
28,20201106,TX,942539,,7611227.0,,posNeg,8553766,6070.0,,1785.0,,,,807008.0,A,11/6/2020 18:00,2020-11-06T18:00:00Z,11/06 13:00,18589.0,,2020-11-06T18:00:00Z,8553766.0,,,942539,,,,,500132.0,49570.0,,,,,,,388999.0,31889.0,48,7545,62493,8553766,70038,8553766,136,0,0153626dc4e2e5ada97aca1d16d904f93d304536,0,0,0,0,0,
29,20201105,TX,934994,,7548734.0,,posNeg,8483728,5954.0,,1749.0,,,,802611.0,A,11/5/2020 17:05,2020-11-05T17:05:00Z,11/05 12:05,18453.0,,2020-11-05T17:05:00Z,8483728.0,,,934994,,,,,500132.0,49570.0,,,,,,,389000.0,31888.0,48,8594,70947,8483728,79541,8483728,133,0,000a3b248c8227a5e04d2250e2b018c35acfb295,0,0,0,0,0,
30,20201104,TX,926400,,7477787.0,,posNeg,8404187,5872.0,,1744.0,,,,797586.0,A,11/4/2020 16:45,2020-11-04T16:45:00Z,11/04 11:45,18320.0,,2020-11-04T16:45:00Z,8404187.0,,,926400,,,,,497255.0,49145.0,,,,,,,366869.0,30716.0,48,9627,65691,8404187,75318,8404187,126,0,da34867cfde49eafee4ea8d915acc268c47f4f87,0,0,0,0,0,
31,20201103,TX,916773,,7412096.0,,posNeg,8328869,5936.0,,1734.0,,,,792286.0,A,11/2/2020 19:10,2020-11-02T19:10:00Z,11/02 14:10,18194.0,,2020-11-02T19:10:00Z,8328869.0,,,916773,,,,,491876.0,48506.0,,,,,,,353605.0,29373.0,48,7516,29650,8328869,37166,8328869,97,0,9ac9254e2934dc683a3630f6ffaa028087fb07a5,0,0,0,0,0,
32,20201102,TX,909257,,7382446.0,,posNeg,8291703,5770.0,,1692.0,,,,787685.0,A,11/2/2020 19:10,2020-11-02T19:10:00Z,11/02 14:10,18097.0,,2020-11-02T19:10:00Z,8291703.0,,,909257,,,,,490032.0,48164.0,,,,,,,350556.0,29010.0,48,4402,69056,8291703,73458,8291703,20,0,4fa944f1fc637ed2290e6f5cbcab733394b1b4c1,0,0,0,0,0,
33,20201101,TX,904855,,7313390.0,,posNeg,8218245,5691.0,,1631.0,,,,785282.0,A,11/1/2020 18:30,2020-11-01T18:30:00Z,11/01 13:30,18077.0,,2020-11-01T18:30:00Z,8218245.0,,,904855,,,,,487423.0,47829.0,,,,,,,341971.0,28594.0,48,4259,59753,8218245,64012,8218245,53,0,6af54e03e5ff76b9703b78adff7c4db1ae3f9764,0,0,0,0,0,
34,20201031,TX,900596,,7253637.0,,posNeg,8154233,5696.0,,1631.0,,,,782006.0,A,10/31/2020 16:10,2020-10-31T16:10:00Z,10/31 12:10,18024.0,,2020-10-31T16:10:00Z,8154233.0,,,900596,,,,,481608.0,47137.0,,,,,,,329358.0,27699.0,48,7145,67076,8154233,74221,8154233,90,0,419e7781d16b55858044ebe768c2782051233fd4,0,0,0,0,0,
35,20201030,TX,893451,,7186561.0,,posNeg,8080012,5627.0,,1606.0,,,,776580.0,A,10/30/2020 17:50,2020-10-30T17:50:00Z,10/30 13:50,17934.0,,2020-10-30T17:50:00Z,8080012.0,,,893451,,,,,480444.0,46737.0,,,,,,,321660.0,27030.0,48,6631,68269,8080012,74900,8080012,115,0,60c1ca05c439a5f163e29dc6a6464ecee7595907,0,0,0,0,0,
36,20201029,TX,886820,,7118292.0,,posNeg,8005112,5587.0,,1599.0,,,,772350.0,A,10/29/2020 17:05,2020-10-29T17:05:00Z,10/29 13:05,17819.0,,2020-10-29T17:05:00Z,8005112.0,,,886820,,,,,476253.0,46323.0,,,,,,,301566.0,25811.0,48,6826,64809,8005112,71635,8005112,119,0,86d00d05e1070a39b8bc513db76deaa2ac6c99ab,0,0,0,0,0,
37,20201028,TX,879994,,7053483.0,,posNeg,7933477,5650.0,,1636.0,,,,767905.0,A,10/28/2020 17:05,2020-10-28T17:05:00Z,10/28 13:05,17700.0,,2020-10-28T17:05:00Z,7933477.0,,,879994,,,,,473079.0,45489.0,,,,,,,294296.0,25327.0,48,5627,44410,7933477,50037,7933477,105,0,8b410cd2685e03f47554fda1a9fe566828aa26b6,0,0,0,0,0,
38,20201027,TX,874367,,7009073.0,,posNeg,7883440,5512.0,,1601.0,,,,763108.0,A,10/27/2020 16:35,2020-10-27T16:35:00Z,10/27 12:35,17595.0,,2020-10-27T16:35:00Z,7883440.0,,,874367,,,,,470883.0,45215.0,,,,,,,288373.0,24690.0,48,7292,66998,7883440,74290,7883440,81,0,661adaefffb0cc600bc4a4d742680c0741301bc7,0,0,0,0,0,
39,20201026,TX,867075,,6942075.0,,posNeg,7809150,5278.0,,1545.0,,,,758192.0,A,10/26/2020 17:05,2020-10-26T17:05:00Z,10/26 13:05,17514.0,,2020-10-26T17:05:00Z,7809150.0,,,867075,,,,,468501.0,44950.0,,,,,,,283136.0,24184.0,48,4700,42208,7809150,46908,7809150,10,0,4c24c17fd44535b16733cc07a5947b242114ce7f,0,0,0,0,0,
40,20201025,TX,862375,,6899867.0,,posNeg,7762242,5206.0,,1550.0,,,,755095.0,A,10/25/2020 15:25,2020-10-25T15:25:00Z,10/25 11:25,17504.0,,2020-10-25T15:25:00Z,7762242.0,,,862375,,,,,466962.0,44745.0,,,,,,,277981.0,23909.0,48,4304,47743,7762242,52047,7762242,48,0,6670f41691678a4c2cf7aca04869cea7c2c5ed78,0,0,0,0,0,
41,20201024,TX,858071,,6852124.0,,posNeg,7710195,4995.0,,1513.0,,,,753611.0,A,10/24/2020 15:45,2020-10-24T15:45:00Z,10/24 11:45,17456.0,,2020-10-24T15:45:00Z,7710195.0,,,858071,,,,,465309.0,44466.0,,,,,,,272102.0,23437.0,48,6499,92110,7710195,98609,7710195,81,0,c7fe24abe645e239fc381d031712a73c5a68a9ca,0,0,0,0,0,
42,20201023,TX,851572,,6760014.0,,posNeg,7611586,5065.0,,1511.0,,,,748252.0,A,10/23/2020 17:15,2020-10-23T17:15:00Z,10/23 13:15,17375.0,,2020-10-23T17:15:00Z,7611586.0,,,851572,,,,,462309.0,43966.0,,,,,,,264549.0,22894.0,48,6472,72397,7611586,78869,7611586,89,0,fb2dc8e7f5b3e5ebb39004dd4392bcf985a33502,0,0,0,0,0,
43,20201022,TX,845100,,6687617.0,,posNeg,7532717,4931.0,,1454.0,,,,744283.0,A,10/22/2020 17:00,2020-10-22T17:00:00Z,10/22 13:00,17286.0,,2020-10-22T17:00:00Z,7532717.0,,,845100,,,,,459439.0,43576.0,,,,,,,253395.0,22170.0,48,6291,51552,7532717,57843,7532717,85,0,f19f19298b145a3561460b3094062fa814368722,0,0,0,0,0,
44,20201021,TX,838809,,6636065.0,,posNeg,7474874,4782.0,,1424.0,,,,739140.0,A,10/21/2020 17:05,2020-10-21T17:05:00Z,10/21 13:05,17201.0,,2020-10-21T17:05:00Z,7474874.0,,,838809,,,,,457228.0,43253.0,,,,,,,247975.0,21607.0,48,5252,25296,7474874,30548,7474874,114,0,a282d3b2ca2cb64c188abb6236fb2f8474679f32,0,0,0,0,0,
45,20201020,TX,833557,,6610769.0,,posNeg,7444326,4588.0,,1349.0,,,,733758.0,A,10/20/2020 17:30,2020-10-20T17:30:00Z,10/20 13:30,17087.0,,2020-10-20T17:30:00Z,7444326.0,,,833557,,,,,455327.0,42991.0,,,,,,,246556.0,21340.0,48,7884,52399,7444326,60283,7444326,65,0,7d550485b7f1e0d25ddc2d285c0d4e8fe2353a68,0,0,0,0,0,
46,20201019,TX,825673,,6558370.0,,posNeg,7384043,4319.0,,1349.0,,,,729762.0,A,10/19/2020 17:15,2020-10-19T17:15:00Z,10/19 13:15,17022.0,,2020-10-19T17:15:00Z,7384043.0,,,825673,,,,,452388.0,42646.0,,,,,,,242427.0,20886.0,48,1894,55230,7384043,57124,7384043,8,0,4e9ff28bc234560379796e2b84044ce3e37d4be6,0,0,0,0,0,
47,20201018,TX,823779,,6503140.0,,posNeg,7326919,4226.0,,1340.0,,,,726231.0,A,10/18/2020 16:05,2020-10-18T16:05:00Z,10/18 12:05,17014.0,,2020-10-18T16:05:00Z,7326919.0,,,823779,,,,,450891.0,42428.0,,,,,,,236598.0,20640.0,48,3216,49467,7326919,52683,7326919,30,0,94da73c389d0e2d010e5d0448beaa928f4cb57ef,0,0,0,0,0,
48,20201017,TX,820563,,6453673.0,,posNeg,7274236,4275.0,,1348.0,,,,723204.0,A,10/17/2020 16:35,2020-10-17T16:35:00Z,10/17 12:35,16984.0,,2020-10-17T16:35:00Z,7274236.0,,,820563,,,,,449341.0,42170.0,,,,,,,229439.0,20255.0,48,4885,58305,7274236,63190,7274236,81,0,812d6990210655e8cbdd644f20a861c50627bfd5,0,0,0,0,0,
49,20201016,TX,815678,,6395368.0,,posNeg,7211046,4248.0,,1290.0,,,,719478.0,A,10/16/2020 17:20,2020-10-16T17:20:00Z,10/16 13:20,16903.0,,2020-10-16T17:20:00Z,7211046.0,,,815678,,,,,447010.0,41811.0,,,,,,,227407.0,19956.0,48,5870,93286,7211046,99156,7211046,91,0,74399064266f45fd97c76c2e2080935db479ab48,0,0,0,0,0,
50,20201015,TX,809808,,6302082.0,,posNeg,7111890,4263.0,,1290.0,,,,716015.0,A,10/15/2020 16:35,2020-10-15T16:35:00Z,10/15 12:35,16812.0,,2020-10-15T16:35:00Z,7111890.0,,,809808,,,,,444135.0,41396.0,,,,,,,213011.0,19343.0,48,4726,39488,7111890,44214,7111890,95,0,c8d5490cf383c44dfb0be8b08430a7a949e1f775,0,0,0,0,0,
51,20201014,TX,805082,,6262594.0,,posNeg,7067676,4131.0,,1237.0,,,,711438.0,A,10/14/2020 16:30,2020-10-14T16:30:00Z,10/14 12:30,16717.0,,2020-10-14T16:30:00Z,7067676.0,,,805082,,,,,440413.0,40963.0,,,,,,,211318.0,19098.0,48,4667,50986,7067676,55653,7067676,95,0,b616c49730999bf5eb36f3a646abc22c919e32a2,0,0,0,0,0,
52,20201013,TX,800415,,6211608.0,,posNeg,7012023,4053.0,,1237.0,,,,708349.0,A,10/13/2020 17:00,2020-10-13T17:00:00Z,10/13 13:00,16622.0,,2020-10-13T17:00:00Z,7012023.0,,,800415,,,,,436479.0,40544.0,,,,,,,200160.0,18333.0,48,5289,55340,7012023,60629,7012023,64,0,0bb1d62d654dcd2c66696c818047104c0ba58b21,0,0,0,0,0,
53,20201012,TX,795126,,6156268.0,,posNeg,6951394,3870.0,,1196.0,,,,705189.0,A,10/12/2020 17:30,2020-10-12T17:30:00Z,10/12 13:30,16558.0,,2020-10-12T17:30:00Z,6951394.0,,,795126,,,,,435831.0,40449.0,,,,,,,163271.0,14422.0,48,2648,61195,6951394,63843,6951394,1,0,2afda0482d33e76a13b9e0aba6fbc49814d3870a,0,0,0,0,0,
54,20201011,TX,792478,,6095073.0,,posNeg,6887551,3622.0,,1142.0,,,,703662.0,A,10/11/2020 15:25,2020-10-11T15:25:00Z,10/11 11:25,16557.0,,2020-10-11T15:25:00Z,6887551.0,,,792478,,,,,434254.0,40234.0,,,,,,,158844.0,14180.0,48,2418,54502,6887551,56920,6887551,31,0,2b338d06dd1ea87705977b77ab12257cb43de23f,0,0,0,0,0,
55,20201010,TX,790060,,6040571.0,,posNeg,6830631,3628.0,,1137.0,,,,701583.0,A,10/10/2020 16:20,2020-10-10T16:20:00Z,10/10 12:20,16526.0,,2020-10-10T16:20:00Z,6830631.0,,,790060,,,,,432509.0,39953.0,,,,,,,156973.0,14025.0,48,4230,80371,6830631,84601,6830631,94,0,8eeda96fe736bf75199e9951d70d91578e645dab,0,0,0,0,0,
56,20201009,TX,785830,,5960200.0,,posNeg,6746030,3593.0,,1138.0,,,,698481.0,A,10/9/2020 17:30,2020-10-09T17:30:00Z,10/09 13:30,16432.0,,2020-10-09T17:30:00Z,6746030.0,,,785830,,,,,429145.0,39452.0,,,,,,,148723.0,13493.0,48,4036,38888,6746030,42924,6746030,98,0,d3d20ab4711d44e11b4d4b5045ee636adaa554f1,0,0,0,0,0,
57,20201008,TX,781794,,5921312.0,,posNeg,6703106,3556.0,,1098.0,,,,695194.0,A,10/8/2020 17:05,2020-10-08T17:05:00Z,10/08 13:05,16334.0,,2020-10-08T17:05:00Z,6703106.0,,,781794,,,,,427731.0,39230.0,,,,,,,147268.0,13363.0,48,4238,34428,6703106,38666,6703106,104,0,a032a9e4cca2482de4ae8768ca1e01447b7b29fa,0,0,0,0,0,
58,20201007,TX,777556,,5886884.0,,posNeg,6664440,3519.0,,1052.0,,,,692123.0,A,10/7/2020 17:00,2020-10-07T17:00:00Z,10/07 13:00,16230.0,,2020-10-07T17:00:00Z,6664440.0,,,777556,,,,,422880.0,38678.0,,,,,,,145110.0,13079.0,48,4121,24071,6664440,28192,6664440,119,0,ed90a9efac7eb2f34df17c29e63e016fc1bfb152,0,0,0,0,0,
59,20201006,TX,773435,,5862813.0,,posNeg,6636248,3394.0,,1080.0,,,,687277.0,A,10/6/2020 16:25,2020-10-06T16:25:00Z,10/06 12:25,16111.0,,2020-10-06T16:25:00Z,6636248.0,,,773435,,,,,421087.0,38448.0,,,,,,,143766.0,12908.0,48,4132,60439,6636248,64571,6636248,78,0,99140bf2f06d538d57bd57540d159d511241ad4c,0,0,0,0,0,
60,20201005,TX,769303,,5802374.0,,posNeg,6571677,3318.0,,1107.0,,,,683700.0,A,10/5/2020 16:15,2020-10-05T16:15:00Z,10/05 12:15,16033.0,,2020-10-05T16:15:00Z,6571677.0,,,769303,,,,,420372.0,38354.0,,,,,,,136859.0,12658.0,48,3409,30383,6571677,33792,6571677,8,0,5bd490f4e1782c66fee18308b78b17906b690cdc,0,0,0,0,0,
61,20201004,TX,765894,,5771991.0,,posNeg,6537885,3192.0,,1071.0,,,,680083.0,A,10/4/2020 16:15,2020-10-04T16:15:00Z,10/04 12:15,16025.0,,2020-10-04T16:15:00Z,6537885.0,,,765894,,,,,419197.0,38164.0,,,,,,,133809.0,12466.0,48,2884,62062,6537885,64946,6537885,33,0,300cc623b7c473975c5cbdd37ba426ba3d4b1106,0,0,0,0,0,
62,20201003,TX,763010,,5709929.0,,posNeg,6472939,3195.0,,1101.0,,,,677244.0,A,10/3/2020 17:00,2020-10-03T17:00:00Z,10/03 13:00,15992.0,,2020-10-03T17:00:00Z,6472939.0,,,763010,,,,,417575.0,37871.0,,,,,,,130374.0,12330.0,48,7006,97191,6472939,104197,6472939,97,0,bed86333966212d073ab2ba4f7055b2660f22fb2,0,0,0,0,0,
63,20201002,TX,756004,,5612738.0,,posNeg,6368742,3227.0,,1091.0,,,,672144.0,A,10/2/2020 17:45,2020-10-02T17:45:00Z,10/02 13:45,15895.0,,2020-10-02T17:45:00Z,6368742.0,,,756004,,,,,415228.0,37538.0,,,,,,,116610.0,11659.0,48,3503,82910,6368742,86413,6368742,72,0,d796eb803e50a4aeb6c6c8eaf04cdd4d8e2586f6,0,0,0,0,0,
64,20201001,TX,752501,,5529828.0,,posNeg,6282329,3190.0,,1075.0,,,,668515.0,A,10/1/2020 19:15,2020-10-01T19:15:00Z,10/01 15:15,15823.0,,2020-10-01T19:15:00Z,6282329.0,,,752501,,,,,413627.0,37224.0,,,,,,,103401.0,10405.0,48,3534,41638,6282329,45172,6282329,112,0,2fbeaa9ad637108a3da8387b4cf2251ca300d61d,0,0,0,0,0,
65,20200930,TX,748967,,5488190.0,,posNeg,6237157,3344.0,,1076.0,,,,664883.0,A,9/30/2020 17:35,2020-09-30T17:35:00Z,09/30 13:35,15711.0,,2020-09-30T17:35:00Z,6237157.0,,,748967,,,,,412969.0,37113.0,,,,,,,99412.0,10266.0,48,5683,30648,6237157,36331,6237157,107,0,70579c331d4beee759ec8c408194ce319ed0e02a,0,0,0,0,0,
66,20200929,TX,743284,,5457542.0,,posNeg,6200826,3251.0,,1044.0,,,,661038.0,A,9/29/2020 18:25,2020-09-29T18:25:00Z,09/29 14:25,15604.0,,2020-09-29T18:25:00Z,6200826.0,,,743284,,,,,411712.0,36957.0,,,,,,,96435.0,10008.0,48,3541,25530,6200826,29071,6200826,71,0,ab17933a4384b70ab2307bc4ef6c849c21c1fbc7,0,0,0,0,0,
67,20200928,TX,739743,,5432012.0,,posNeg,6171755,3201.0,,1056.0,,,,657407.0,A,9/28/2020 19:00,2020-09-28T19:00:00Z,09/28 15:00,15533.0,,2020-09-28T19:00:00Z,6171755.0,,,739743,,,,,411266.0,36905.0,,,,,,,94906.0,9937.0,48,4611,150237,6171755,154848,6171755,11,0,5341881d2d45e7e25c5502471be00019514c7288,0,0,0,0,0,
68,20200927,TX,735132,,5281775.0,,posNeg,6016907,3217.0,,1056.0,,,,652376.0,A,9/27/2020 15:55,2020-09-27T15:55:00Z,09/27 11:55,15522.0,,2020-09-27T15:55:00Z,6016907.0,,,735132,,,,,400882.0,35953.0,,,,,,,82255.0,9411.0,48,1694,20400,6016907,22094,6016907,37,0,d37e27def650f566cdbc16931340fd11c159f849,0,0,0,0,0,
69,20200926,TX,733438,,5261375.0,,posNeg,5994813,3209.0,,1056.0,,,,649580.0,A,9/26/2020 16:20,2020-09-26T16:20:00Z,09/26 12:20,15485.0,,2020-09-26T16:20:00Z,5994813.0,,,733438,,,,,399337.0,35847.0,,,,,,,80294.0,9297.0,48,4886,76478,5994813,81364,5994813,121,0,fa92be636499a0f83ac23e7ebad581b29bbf799f,0,0,0,0,0,
70,20200925,TX,728552,,5184897.0,,posNeg,5913449,3221.0,,1051.0,,,,646143.0,A,9/25/2020 17:20,2020-09-25T17:20:00Z,09/25 13:20,15364.0,,2020-09-25T17:20:00Z,5913449.0,,,728552,,,,,394584.0,35656.0,,,,,,,78472.0,9190.0,48,4633,47983,5913449,52616,5913449,97,0,23ab2cdc717e66c7949f49501d3433260f974afb,0,0,0,0,0,
71,20200924,TX,723919,,5136914.0,,posNeg,5860833,3204.0,,1051.0,,,,642169.0,A,9/24/2020 18:05,2020-09-24T18:05:00Z,09/24 14:05,15267.0,,2020-09-24T18:05:00Z,5860833.0,,,723919,,,,,391678.0,35421.0,,,,,,,77981.0,9120.0,48,4320,115839,5860833,120159,5860833,138,0,909fe938e199585d4156b59fb735f63b97cc0d53,0,0,0,0,0,
72,20200923,TX,719599,,5021075.0,,posNeg,5740674,3195.0,,1041.0,,,,618054.0,A,9/23/2020 18:15,2020-09-23T18:15:00Z,09/23 14:15,15129.0,,2020-09-23T18:15:00Z,5740674.0,,,719599,,,,,390538.0,35217.0,,,,,,,76275.0,9003.0,48,3392,69550,5740674,72942,5740674,135,0,f80a270fc372a9e719de2130c0a0441f3b35549f,0,0,0,0,0,
73,20200922,TX,716207,,4951525.0,,posNeg,5667732,3207.0,,1065.0,,,,613896.0,A,9/22/2020 17:40,2020-09-22T17:40:00Z,09/22 13:40,14994.0,,2020-09-22T17:40:00Z,5667732.0,,,716207,,,,,389207.0,35026.0,,,,,,,71209.0,8712.0,48,17820,27414,5667732,45234,5667732,77,0,f110d3f274a4759300b87e29aaffbee41c9e426d,0,0,0,0,0,
74,20200921,TX,698387,,4924111.0,,posNeg,5622498,3132.0,,1073.0,,,,611856.0,A,9/21/2020 17:45,2020-09-21T17:45:00Z,09/21 13:45,14917.0,,2020-09-21T17:45:00Z,5622498.0,,,698387,,,,,386966.0,34843.0,,,,,,,64302.0,7867.0,48,9853,19157,5622498,29010,5622498,24,0,3560bde48b286586c1c16d2e29d500ab25780ef4,0,0,0,0,0,
75,20200920,TX,688534,,4904954.0,,posNeg,5593488,3081.0,,1057.0,,,,609210.0,A,9/20/2020 15:50,2020-09-20T15:50:00Z,09/20 11:50,14893.0,,2020-09-20T15:50:00Z,5593488.0,,,688534,,,,,385351.0,34639.0,,,,,,,63908.0,7793.0,48,2466,27846,5593488,30312,5593488,45,0,db636f286c206c9236a6b81645bd8b5548df9044,0,0,0,0,0,
76,20200919,TX,686068,,4877108.0,,posNeg,5563176,3124.0,,1083.0,,,,605522.0,A,9/19/2020 17:05,2020-09-19T17:05:00Z,09/19 13:05,14848.0,,2020-09-19T17:05:00Z,5563176.0,,,686068,,,,,383876.0,34415.0,,,,,,,62291.0,7637.0,48,3827,114548,5563176,118375,5563176,135,0,1197206e91853763771069f77171ab04860af465,0,0,0,0,0,
77,20200918,TX,682241,,4762560.0,,posNeg,5444801,3172.0,,1107.0,,,,600662.0,A,9/18/2020 16:25,2020-09-18T16:25:00Z,09/18 12:25,14713.0,,2020-09-18T16:25:00Z,5444801.0,,,682241,,,,,381430.0,34084.0,,,,,,,59051.0,7439.0,48,3422,96203,5444801,99625,5444801,123,0,1867ead14140298b71074be36fc3d016e76e5313,0,0,0,0,0,
78,20200917,TX,678819,,4666357.0,,posNeg,5345176,3246.0,,1140.0,,,,594817.0,A,9/17/2020 17:25,2020-09-17T17:25:00Z,09/17 13:25,14590.0,,2020-09-17T17:25:00Z,5345176.0,,,678819,,,,,378541.0,33718.0,,,,,,,56707.0,7280.0,48,4047,41509,5345176,45556,5345176,112,0,ea3868a5a051d9ce58e980d972d88d5d600c16a8,0,0,0,0,0,
79,20200916,TX,674772,,4624848.0,,posNeg,5299620,3249.0,,1139.0,,,,590837.0,A,9/16/2020 17:30,2020-09-16T17:30:00Z,09/16 13:30,14478.0,,2020-09-16T17:30:00Z,5299620.0,,,674772,,,,,377019.0,33463.0,,,,,,,52679.0,7131.0,48,6026,46052,5299620,52078,5299620,135,0,6f73742827bfe8774b9ce19437140dbf974a85a5,0,0,0,0,0,
80,20200915,TX,668746,,4578796.0,,posNeg,5247542,3311.0,,1151.0,,,,585912.0,A+,9/15/2020 18:30,2020-09-15T18:30:00Z,09/15 14:30,14343.0,,2020-09-15T18:30:00Z,5247542.0,,,668746,,,,,373766.0,33086.0,,,,,,,50658.0,6915.0,48,5301,28994,5247542,34295,5247542,132,0,c9bd318ee453e7eea29a7c81263976ba44b7edd0,0,0,0,0,0,
81,20200914,TX,663445,,4549802.0,,posNeg,5213247,3391.0,,1165.0,,,,581204.0,A+,9/13/2020 16:45,2020-09-13T16:45:00Z,09/13 12:45,14211.0,,2020-09-13T16:45:00Z,5213247.0,,,663445,,,,,373406.0,33050.0,,,,,,,50387.0,6891.0,48,4011,-340903,5213247,-336892,5213247,21,0,4498ab372a235e6ce805ba74d9994239c60cc44f,0,0,0,0,0,
82,20200913,TX,659434,,4890705.0,,posNeg,5550139,3319.0,,1140.0,,,,577832.0,A+,9/13/2020 16:45,2020-09-13T16:45:00Z,09/13 12:45,14190.0,,2020-09-13T16:45:00Z,5550139.0,,,659434,,,,,390318.0,34286.0,,,,,,,49181.0,6846.0,48,1845,28653,5550139,30498,5550139,47,0,1471a0bee0a3921f292d2f403024dff4d4d1663c,0,0,0,0,0,
83,20200912,TX,657589,,4862052.0,,posNeg,5519641,3371.0,,1174.0,,,,573670.0,A+,9/11/2020 16:25,2020-09-11T16:25:00Z,09/11 12:25,14143.0,,2020-09-11T16:25:00Z,5519641.0,,,657589,,,,,383596.0,33571.0,,,,,,,44740.0,6299.0,48,4233,61367,5519641,65600,5519641,146,0,dd5db6d292599a283f270f4bc89ffb703c2aec0f,0,0,0,0,0,
84,20200911,TX,653356,,4800685.0,,posNeg,5454041,3465.0,,1198.0,,,,568067.0,A+,9/11/2020 16:25,2020-09-11T16:25:00Z,09/11 12:25,13997.0,,2020-09-11T16:25:00Z,5454041.0,,,653356,,,,,380352.0,33010.0,,,,,,,43841.0,6163.0,48,3547,45237,5454041,48784,5454041,144,0,2c410abf18c7bb9065be306e29c320c2b6acd93b,0,0,0,0,0,
85,20200910,TX,649809,,4755448.0,,posNeg,5405257,3575.0,,1267.0,,,,564114.0,A+,9/10/2020 18:00,2020-09-10T18:00:00Z,09/10 14:00,13853.0,,2020-09-10T18:00:00Z,5405257.0,,,649809,,,,,377901.0,32735.0,,,,,,,43568.0,6153.0,48,4018,29107,5405257,33125,5405257,161,0,1e57c9b9c126fa8ae90890c0dadd6c1d1c36a1fa,0,0,0,0,0,
86,20200909,TX,645791,,4726341.0,,posNeg,5372132,3604.0,,1347.0,,,,558894.0,A+,9/9/2020 17:35,2020-09-09T17:35:00Z,09/09 13:35,13692.0,,2020-09-09T17:35:00Z,5372132.0,,,645791,,,,,374319.0,32352.0,,,,,,,41022.0,5813.0,48,4000,29006,5372132,33006,5372132,139,0,f7af69cc8ea30e251e38dcaffd9021402f02cf5c,0,0,0,0,0,
87,20200908,TX,641791,,4697335.0,,posNeg,5339126,3701.0,,1322.0,,,,553409.0,A+,9/8/2020 17:55,2020-09-08T17:55:00Z,09/08 13:55,13553.0,,2020-09-08T17:55:00Z,5339126.0,,,641791,,,,,374045.0,32328.0,,,,,,,40671.0,5776.0,48,1421,16706,5339126,18127,5339126,61,0,c2527093c93fbfb49443595287e06a91501994cc,0,0,0,0,0,
88,20200907,TX,640370,,4680629.0,,posNeg,5320999,3537.0,,1322.0,,,,543412.0,A+,9/7/2020 16:30,2020-09-07T16:30:00Z,09/07 12:30,13492.0,,2020-09-07T16:30:00Z,5320999.0,,,640370,,,,,371102.0,32006.0,,,,,,,35136.0,5221.0,48,2060,36360,5320999,38420,5320999,20,0,6a0b5d0addeb336859fa34e91726e14b575004d3,0,0,0,0,0,
89,20200906,TX,638310,,4644269.0,,posNeg,5282579,3715.0,,1409.0,,,,543412.0,A+,9/6/2020 17:50,2020-09-06T17:50:00Z,09/06 13:50,13472.0,,2020-09-06T17:50:00Z,5282579.0,,,638310,,,,,369645.0,31773.0,,,,,,,34939.0,5183.0,48,2995,95636,5282579,98631,5282579,64,0,76823bee14752cb7da5e80abfff5de5ef6e945ca,0,0,0,0,0,
90,20200905,TX,635315,,4548633.0,,posNeg,5183948,3973.0,,1409.0,,,,538282.0,A+,9/5/2020 16:40,2020-09-05T16:40:00Z,09/05 12:40,13408.0,,2020-09-05T16:40:00Z,5183948.0,,,635315,,,,,368062.0,31521.0,,,,,,,34398.0,5076.0,48,4486,59709,5183948,64195,5183948,177,0,63d339f29f4d8233333d4d5857ba9b18f326e376,0,0,0,0,0,
91,20200904,TX,630829,,4488924.0,,posNeg,5119753,3889.0,,1433.0,,,,532223.0,A+,9/4/2020 18:00,2020-09-04T18:00:00Z,09/04 14:00,13231.0,,2020-09-04T18:00:00Z,5119753.0,,,630829,,,,,365953.0,30982.0,,,,,,,32697.0,4750.0,48,5482,6768,5119753,12250,5119753,140,0,02de5d9ffd498be093ebaf39160f8c380fb2b766,0,0,0,0,0,
92,20200903,TX,625347,,4482156.0,,posNeg,5107503,4075.0,,1433.0,,,,527359.0,A+,9/3/2020 17:00,2020-09-03T17:00:00Z,09/03 13:00,13091.0,,2020-09-03T17:00:00Z,5107503.0,,,625347,,,,,361848.0,30524.0,,,,,,,27891.0,3851.0,48,3680,34961,5107503,38641,5107503,221,0,886acbad3f06aa53cecc9029cc3b7766e570f7c9,0,0,0,0,0,
93,20200902,TX,621667,,4447195.0,,posNeg,5068862,4149.0,,1476.0,,,,522087.0,A+,9/2/2020 17:00,2020-09-02T17:00:00Z,09/02 13:00,12870.0,,2020-09-02T17:00:00Z,5068862.0,,,621667,,,,,360236.0,30213.0,,,,,,,26210.0,3640.0,48,4334,30974,5068862,35308,5068862,189,0,fdffce359785522c4efe15c4db73a7b297a4a18c,0,0,0,0,0,
94,20200901,TX,617333,,4416221.0,,posNeg,5033554,4144.0,,1525.0,,,,514861.0,A+,9/1/2020 16:30,2020-09-01T16:30:00Z,09/01 12:30,12681.0,,2020-09-01T16:30:00Z,5033554.0,,,617333,,,,,359593.0,30159.0,,,,,,,25577.0,3529.0,48,4364,67637,5033554,72001,5033554,145,0,efe3a7e6199411c2a1a950ebc96b7831fda26e87,0,0,0,0,0,
95,20200831,TX,612969,,4348584.0,,posNeg,4961553,4203.0,,1525.0,,,,507499.0,A+,8/31/2020 16:45,2020-08-31T16:45:00Z,08/31 12:45,12536.0,,2020-08-31T16:45:00Z,4961553.0,,,612969,,,,,358718.0,30025.0,,,,,,,25360.0,3497.0,48,2615,34226,4961553,36841,4961553,26,0,0b81941d7b12ae072c5e4d3e5048ccb203dba2c9,0,0,0,0,0,
96,20200830,TX,610354,,4314358.0,,posNeg,4924712,4172.0,,1566.0,,,,499518.0,A+,8/30/2020 16:05,2020-08-30T16:05:00Z,08/30 12:05,12510.0,,2020-08-30T16:05:00Z,4924712.0,,,610354,,,,,356857.0,29723.0,,,,,,,25162.0,3460.0,48,3824,19916,4924712,23740,4924712,90,0,6e2ccc4ce4d44605126e76a28dd1ecb565d20880,0,0,0,0,0,
97,20200829,TX,606530,,4294442.0,,posNeg,4900972,4273.0,,1648.0,,,,492921.0,A+,8/29/2020 16:05,2020-08-29T16:05:00Z,08/29 12:05,12420.0,,2020-08-29T16:05:00Z,4900972.0,,,606530,,,,,356229.0,29635.0,,,,,,,24176.0,3371.0,48,4762,53848,4900972,58610,4900972,154,0,c804c260f269aed6f249e37ce43257c5308ad318,0,0,0,0,0,
98,20200828,TX,601768,,4240594.0,,posNeg,4842362,4422.0,,1636.0,,,,484880.0,A,8/28/2020 16:50,2020-08-28T16:50:00Z,08/28 12:50,12266.0,,2020-08-28T16:50:00Z,4842362.0,,,601768,,,,,353966.0,29287.0,,,,,,,23724.0,3336.0,48,4031,44417,4842362,48448,4842362,196,0,01b80130eacf3e2185298cdcaac65b69f8f05d49,0,0,0,0,0,
99,20200827,TX,597737,,4196177.0,,posNeg,4793914,4489.0,,1704.0,,,,478752.0,A,8/27/2020 18:35,2020-08-27T18:35:00Z,08/27 14:35,12070.0,,2020-08-27T18:35:00Z,4793914.0,,,597737,,,,,351564.0,28870.0,,,,,,,23267.0,3299.0,48,5600,23674,4793914,29274,4793914,265,0,121e8f525237078af0b474a7d77c9997f4fea15b,0,0,0,0,0,
100,20200826,TX,592137,,4172503.0,,posNeg,4764640,4806.0,,1723.0,,,,472421.0,A,8/26/2020 18:20,2020-08-26T18:20:00Z,08/26 14:20,11805.0,,2020-08-26T18:20:00Z,4764640.0,,,592137,,,,,348384.0,28439.0,,,,,,,22361.0,3213.0,48,5407,34674,4764640,40081,4764640,229,0,0e169875ca6cea9cfc7957ca248e0b8d8766b876,0,0,0,0,0,
101,20200825,TX,586730,,4137829.0,,posNeg,4724559,4907.0,,1799.0,,,,466550.0,A,8/25/2020 17:50,2020-08-25T17:50:00Z,08/25 13:50,11576.0,,2020-08-25T17:50:00Z,4724559.0,,,586730,,,,,346519.0,28100.0,,,,,,,21651.0,3151.0,48,6346,47338,4724559,53684,4724559,181,0,c7f08b6f2e81fe85f65900fd556d1c9ed1fc9725,0,0,0,0,0,
102,20200824,TX,580384,,4090491.0,,posNeg,4670875,5019.0,,1809.0,,,,457182.0,A,8/24/2020 18:35,2020-08-24T18:35:00Z,08/24 14:35,11395.0,,2020-08-24T18:35:00Z,4668028.0,,,580384,,,,,344218.0,27726.0,,,,,,,21648.0,3151.0,48,2847,0,4670875,2847,4670875,25,0,52f6305f8f320785de3c84740c0dccbca4bf5e81,0,0,0,0,0,
103,20200823,TX,577537,,4090491.0,,posNeg,4668028,5186.0,,1878.0,,,,451776.0,A,8/23/2020 16:05,2020-08-23T16:05:00Z,08/23 12:05,11370.0,,2020-08-23T16:05:00Z,4668028.0,,,577537,,,,,344218.0,27726.0,,,,,,,21648.0,3151.0,48,4398,22770,4668028,27168,4668028,104,0,25ef522d66409942b1b04b106b938343c7569b3f,0,0,0,0,0,
104,20200822,TX,573139,,4067721.0,,posNeg,4640860,5274.0,,1963.0,,,,446030.0,A,8/22/2020 16:40,2020-08-22T16:40:00Z,08/22 12:40,11266.0,,2020-08-22T16:40:00Z,4640860.0,,,573139,,,,,342277.0,27414.0,,,,,,,21247.0,3117.0,48,5559,55275,4640860,60834,4640860,215,0,91fe09f79f732ace22272eb1ce7fa44dea2ba2dd,0,0,0,0,0,
105,20200821,TX,567580,,4012446.0,,posNeg,4580026,5566.0,,1979.0,,,,438825.0,A,8/21/2020 16:30,2020-08-21T16:30:00Z,08/21 12:30,11051.0,,2020-08-21T16:30:00Z,4580026.0,,,567580,,,,,338016.0,26824.0,,,,,,,19189.0,2808.0,48,5021,27936,4580026,32957,4580026,258,0,e8b14994b968e7b2f4c1d129d09a7bf99582a895,0,0,0,0,0,
106,20200820,TX,562559,,3984510.0,,posNeg,4547069,5635.0,,1979.0,,,,431960.0,A,8/20/2020 16:40,2020-08-20T16:40:00Z,08/20 12:40,10793.0,,2020-08-20T16:40:00Z,4547069.0,,,562559,,,,,335184.0,26337.0,,,,,,,18883.0,2781.0,48,5303,24577,4547069,29880,4547069,234,0,d6f23bdc04ca8d81e7ffb2352769db1c2f6f551f,0,0,0,0,0,
107,20200819,TX,557256,,3959933.0,,posNeg,4517189,5974.0,,2107.0,,,,424685.0,A,8/19/2020 17:40,2020-08-19T17:40:00Z,08/19 13:40,10559.0,,2020-08-19T17:40:00Z,4517189.0,,,557256,,,,,333355.0,25995.0,,,,,,,18620.0,2764.0,48,7024,9520,4517189,16544,4517189,309,0,65e0444f2b04441b0bca778438833e031a2996a8,0,0,0,0,0,
108,20200818,TX,550232,,3950413.0,,posNeg,4500645,6210.0,,2179.0,,,,415903.0,A,8/18/2020 16:40,2020-08-18T16:40:00Z,08/18 12:40,10250.0,,2020-08-18T16:40:00Z,4500645.0,,,550232,,,,,326216.0,24732.0,,,,,,,18244.0,2734.0,48,7282,17196,4500645,24478,4500645,216,0,92043e3c592a1e5976224f7fd53dcc1dd17e92d5,0,0,0,0,0,
109,20200817,TX,542950,,3933217.0,,posNeg,4476167,6200.0,,2240.0,,,,405817.0,A,8/17/2020 16:55,2020-08-17T16:55:00Z,08/17 12:55,10034.0,,2020-08-17T16:55:00Z,4476167.0,,,542950,,,,,322433.0,23797.0,,,,,,,17887.0,2694.0,48,7368,29758,4476167,37126,4476167,51,0,41bec934abd33bac99ea11cb21ddd8ae7d915e76,0,0,0,0,0,
110,20200816,TX,535582,,3903459.0,,posNeg,4439041,6267.0,,2269.0,,,,399572.0,A,8/16/2020 16:50,2020-08-16T16:50:00Z,08/16 12:50,9983.0,,2020-08-16T16:50:00Z,4439041.0,,,535582,,,,,318940.0,23192.0,,,,,,,17011.0,2591.0,48,6744,110621,4439041,117365,4439041,143,0,bf642bd5c9fdff5c26448f6903fa895886abef11,0,0,0,0,0,
111,20200815,TX,528838,,3792838.0,,posNeg,4321676,6481.0,,2306.0,,,,393266.0,A,8/15/2020 16:00,2020-08-15T16:00:00Z,08/15 12:00,9840.0,,2020-08-15T16:00:00Z,4321676.0,,,528838,,,,,318938.0,23192.0,,,,,,,17011.0,2591.0,48,8245,31390,4321676,39635,4321676,238,0,9eb8b77f975006c4f834b5e3affa5e50ee9ef7e5,0,0,0,0,0,
112,20200814,TX,520593,,3761448.0,,posNeg,4282041,6632.0,,2380.0,,,,383717.0,A,8/14/2020 16:05,2020-08-14T16:05:00Z,08/14 12:05,9602.0,,2020-08-14T16:05:00Z,4282041.0,,,520593,,,,,312727.0,22100.0,,,,,,,17009.0,2591.0,48,7018,44260,4282041,51278,4282041,313,0,1b659177d9390ad1697c5c45bcadb9c04c4fd108,0,0,0,0,0,
113,20200813,TX,513575,,3717188.0,,posNeg,4230763,6879.0,,2435.0,,,,375760.0,A,8/13/2020 17:30,2020-08-13T17:30:00Z,08/13 13:30,9289.0,,2020-08-13T17:30:00Z,4230763.0,,,513575,,,,,302012.0,20800.0,,,,,,,16699.0,2562.0,48,6755,117648,4230763,124403,4230763,255,0,26434f57417a1e297c76675411dbdaf9b900e20c,0,0,0,0,0,
114,20200812,TX,506820,,3599540.0,,posNeg,4106360,7028.0,,2479.0,,,,367354.0,A,8/12/2020 17:05,2020-08-12T17:05:00Z,08/12 13:05,9034.0,,2020-08-12T17:05:00Z,4106360.0,,,506820,,,,,299037.0,20241.0,,,,,,,16409.0,2536.0,48,6200,11297,4106360,17497,4106360,324,0,ca1d0793c5ed29e19e9956127673c8d65a25347c,0,0,0,0,0,
115,20200811,TX,500620,,3588243.0,,posNeg,4088863,7216.0,,2495.0,,,,358312.0,A,8/11/2020 16:25,2020-08-11T16:25:00Z,08/11 12:25,8710.0,,2020-08-11T16:25:00Z,4088863.0,,,500620,,,,,295617.0,19800.0,,,,,,,15569.0,2432.0,48,9803,5399,4088863,15202,4088863,220,0,c0689350b5ae24849f47fae42f5048c6d592a77d,0,0,0,0,0,
116,20200810,TX,490817,,3582844.0,,posNeg,4073661,7304.0,,2552.0,,,,349833.0,A,8/10/2020 18:20,2020-08-10T18:20:00Z,08/10 14:20,8490.0,,2020-08-10T18:20:00Z,4073661.0,,,490817,,,,,290944.0,18924.0,,,,,,,14841.0,2350.0,48,4455,43342,4073661,47797,4073661,31,0,a8e293c647aae5349ebfc69f0575734b462165f5,0,0,0,0,0,
117,20200809,TX,486362,,3539502.0,,posNeg,4025864,7437.0,,2608.0,,,,344845.0,A,8/9/2020 16:20,2020-08-09T16:20:00Z,08/09 12:20,8459.0,,2020-08-09T16:20:00Z,4025864.0,,,486362,,,,,288928.0,18561.0,,,,,,,14466.0,2319.0,48,4879,8328,4025864,13207,4025864,116,0,0bf8da22a3f60e46570c429e6a9c9a1b9a3b55f7,0,0,0,0,0,
118,20200808,TX,481483,,3531174.0,,posNeg,4012657,7872.0,,2730.0,,,,338343.0,A,8/8/2020 16:35,2020-08-08T16:35:00Z,08/08 12:35,8343.0,,2020-08-08T16:35:00Z,4012657.0,,,481483,,,,,280434.0,16924.0,,,,,,,13887.0,2227.0,48,6959,5166,4012657,12125,4012657,247,0,d05bcc5db4a32459889aa4c3001d5bc0fc3b9cc4,0,0,0,0,0,
119,20200807,TX,474524,,3526008.0,,posNeg,4000532,8065.0,,2742.0,,,,331668.0,A,8/7/2020 17:45,2020-08-07T17:45:00Z,08/07 13:45,8096.0,,2020-08-07T17:45:00Z,4000532.0,,,474524,,,,,276849.0,15364.0,,,,,,,2206.0,505.0,48,7039,49013,4000532,56052,4000532,293,0,fc3aeaf305e4b6e54b294e3a7c79595362423674,0,0,0,0,0,
120,20200806,TX,467485,,3476995.0,,posNeg,3944480,8302.0,,2917.0,,,,323804.0,A,8/6/2020 16:15,2020-08-06T16:15:00Z,08/06 12:15,7803.0,,2020-08-06T16:15:00Z,3944480.0,,,467485,,,,,276849.0,15364.0,,,,,,,,,48,7598,28647,3944480,36245,3944480,306,0,ec2a2053e910ab03a101193f2e4979450aac64e8,0,0,0,0,0,
121,20200805,TX,459887,,3448348.0,,posNeg,3908235,8455.0,,2917.0,,,,315652.0,A,8/5/2020 16:30,2020-08-05T16:30:00Z,08/05 12:30,7497.0,,2020-08-05T16:30:00Z,3908235.0,,,459887,,,,,268978.0,14535.0,,,,,,,,,48,8706,14681,3908235,23387,3908235,236,0,8bbf11fd800ffab72c2e263f6922602cd2cc898f,0,0,0,0,0,
122,20200804,TX,451181,,3433667.0,,posNeg,3884848,8674.0,,3006.0,,,,306262.0,A,8/4/2020 16:45,2020-08-04T16:45:00Z,08/04 12:45,7261.0,,2020-08-04T16:45:00Z,3884848.0,,,451181,,,,,258494.0,13478.0,,,,,,,,,48,9167,41095,3884848,50262,3884848,245,0,289dcaaa8240656b741aed9a11eaca2ddc150c96,0,0,0,0,0,
123,20200803,TX,442014,,3392572.0,,posNeg,3834586,8819.0,,3045.0,,,,297422.0,A,8/3/2020 16:20,2020-08-03T16:20:00Z,08/03 12:20,7016.0,,2020-08-03T16:20:00Z,3834586.0,,,442014,,,,,243777.0,12054.0,,,,,,,,,48,11529,75278,3834586,86807,3834586,179,0,06fed2a4403e1fd175a83376f2ac2bd5bfedf87c,0,0,0,0,0,
124,20200802,TX,430485,,3317294.0,,posNeg,3747779,8969.0,,3117.0,,,,282604.0,A,8/1/2020 16:20,2020-08-01T16:20:00Z,08/01 12:20,6837.0,,2020-08-01T16:20:00Z,3747779.0,,,430485,,,,,242251.0,11812.0,,,,,,,,,48,0,0,3747779,0,3747779,0,0,7e2eb3b663dd873e0b7e5fdfd1c55e6cf934d438,0,0,0,0,0,
125,20200801,TX,430485,,3317294.0,,posNeg,3747779,8969.0,,3117.0,,,,282604.0,A,8/1/2020 16:20,2020-08-01T16:20:00Z,08/01 12:20,6837.0,,2020-08-01T16:20:00Z,3747779.0,,,430485,,,,,242251.0,11812.0,,,,,,,,,48,9539,68488,3747779,78027,3747779,268,0,978bc11c93a01f03084edf9eb90133330643e2e7,0,0,0,0,0,
126,20200731,TX,420946,,3248806.0,,posNeg,3669752,9336.0,,3117.0,,,,273191.0,A,7/31/2020 17:10,2020-07-31T17:10:00Z,07/31 13:10,6569.0,,2020-07-31T17:10:00Z,3669752.0,,,420946,,,,,241518.0,11712.0,,,,,,,,,48,8839,51439,3669752,60278,3669752,295,0,22724a559c90effea5c6c21b34d1eb6fbcfeb062,0,0,0,0,0,
127,20200730,TX,412107,,3197367.0,,posNeg,3609474,9296.0,,3087.0,,,,260542.0,A,7/30/2020 17:55,2020-07-30T17:55:00Z,07/30 13:55,6274.0,,2020-07-30T17:55:00Z,3609474.0,,,412107,,,,,239566.0,11430.0,,,,,,,,,48,8800,61306,3609474,70106,3609474,84,0,d625852b6e6606ea5d4831ba8e0f6a5b18d6d727,0,0,0,0,0,
128,20200729,TX,403307,,3136061.0,,posNeg,3539368,9595.0,,3136.0,,,,251346.0,A,7/29/2020 16:50,2020-07-29T16:50:00Z,07/29 12:50,6190.0,,2020-07-29T16:50:00Z,3539368.0,,,403307,,,,,237895.0,11227.0,,,,,,,,,48,9042,53400,3539368,62442,3539368,313,0,c9b8c7e4152b4cce16fe2579e0ad569824f8ee0f,0,0,0,0,0,
129,20200728,TX,394265,,3082661.0,,posNeg,3476926,9593.0,,3136.0,,,,244449.0,A,7/28/2020 17:00,2020-07-28T17:00:00Z,07/28 13:00,5877.0,,2020-07-28T17:00:00Z,3476926.0,,,394265,,,,,237895.0,11227.0,,,,,,,,,48,8342,39702,3476926,48044,3476926,164,0,135c61c3b56f78262ed2561873cc327b210871e2,0,0,0,0,0,
130,20200727,TX,385923,,3042959.0,,posNeg,3428882,10893.0,,3281.0,,,,229107.0,A,7/27/2020 17:40,2020-07-27T17:40:00Z,07/27 13:40,5713.0,,2020-07-27T17:40:00Z,3428882.0,,,385923,,,,,235797.0,10921.0,,,,,,,,,48,4267,54640,3428882,58907,3428882,675,0,09930b5086079f46b3aa7be5fe50ee80ee1c3eac,0,0,0,0,0,
131,20200726,TX,381656,,2988319.0,,posNeg,3369975,10893.0,,3281.0,,,,229107.0,A,7/26/2020 16:50,2020-07-26T16:50:00Z,07/26 12:50,5038.0,,2020-07-26T16:50:00Z,3369975.0,,,381656,,,,,234534.0,10751.0,,,,,,,,,48,5810,58123,3369975,63933,3369975,153,0,73dce4115c90f57b55762e4528c28fdf48227935,0,0,0,0,0,
132,20200725,TX,375846,,2930196.0,,posNeg,3306042,10893.0,,3281.0,,,,221510.0,A,7/25/2020 16:05,2020-07-25T16:05:00Z,07/25 12:05,4885.0,,2020-07-25T16:05:00Z,3306042.0,,,375846,,,,,233410.0,10595.0,,,,,,,,,48,6020,68091,3306042,74111,3306042,168,0,cbfb515482a5c4022f763154c30d33c07e88a394,0,0,0,0,0,
133,20200724,TX,369826,,2862105.0,,posNeg,3231931,10893.0,,3281.0,,,,212216.0,A,7/24/2020 16:45,2020-07-24T16:45:00Z,07/24 12:45,4717.0,,2020-07-24T16:45:00Z,3231931.0,,,369826,,,,,233139.0,10565.0,,,,,,,,,48,8701,58574,3231931,67275,3231931,196,0,8a9b78e6a26c3662a78b8c9c932affe99303ad71,0,0,0,0,0,
134,20200723,TX,361125,,2803531.0,,posNeg,3164656,10893.0,,3281.0,,,,203826.0,A,7/23/2020 16:15,2020-07-23T16:15:00Z,07/23 12:15,4521.0,,2020-07-23T16:15:00Z,3164656.0,,,361125,,,,,232021.0,10394.0,,,,,,,,,48,9507,51001,3164656,60508,3164656,173,0,d4ed81c334b82ffc648aac9c377cf779270a961d,0,0,0,0,0,
135,20200722,TX,351618,,2752530.0,,posNeg,3104148,10893.0,,3281.0,,,,195315.0,A,7/22/2020 17:45,2020-07-22T17:45:00Z,07/22 13:45,4348.0,,2020-07-22T17:45:00Z,3104148.0,,,351618,,,,,227696.0,8737.0,,,,,,,,,48,9879,50695,3104148,60574,3104148,197,0,3ce458b290a213336824bee5b28df3c4c37a3e29,0,0,0,0,0,
136,20200721,TX,341739,,2701835.0,,posNeg,3043574,10848.0,,,,,,186529.0,B,7/21/2020 17:00,2020-07-21T17:00:00Z,07/21 13:00,4151.0,,2020-07-21T17:00:00Z,3043574.0,,,341739,,,,,226323.0,8562.0,,,,,,,,,48,9305,49715,3043574,59020,3043574,131,0,f08a1c7a5c993753a1aaf0b8421d1c4626a0f6d1,0,0,0,0,0,
137,20200720,TX,332434,,2652120.0,,posNeg,2984554,10569.0,,,,,,177871.0,B,7/20/2020 17:25,2020-07-20T17:25:00Z,07/20 13:25,4020.0,,2020-07-20T17:25:00Z,2984554.0,,,332434,,,,,223303.0,7976.0,,,,,,,,,48,7404,44786,2984554,52190,2984554,62,0,e01b081e7e8d1b6e947af11550ead7e322ae8e60,0,0,0,0,0,
138,20200719,TX,325030,,2607334.0,,posNeg,2932364,10592.0,,,,,,172936.0,B,7/19/2020 17:05,2020-07-19T17:05:00Z,07/19 13:05,3958.0,,2020-07-19T17:05:00Z,2932364.0,,,325030,,,,,221259.0,7752.0,,,,,,,,,48,7300,82379,2932364,89679,2932364,93,0,719d7a1e737e43be7c1c8be2b12f4b5daeb4ec3d,0,0,0,0,0,
139,20200718,TX,317730,,2524955.0,,posNeg,2842685,10658.0,,,,,,169581.0,B,7/18/2020 16:50,2020-07-18T16:50:00Z,07/18 12:50,3865.0,,2020-07-18T16:50:00Z,2842685.0,,,317730,,,,,224935.0,7819.0,,,,,,,,,48,10158,65206,2842685,75364,2842685,130,0,b483c0325b58131cb412dce0b2a40d6822e3ef91,0,0,0,0,0,
140,20200717,TX,307572,,2459749.0,,posNeg,2767321,10632.0,,,,,,162191.0,B,7/17/2020 17:15,2020-07-17T17:15:00Z,07/17 13:15,3735.0,,2020-07-17T17:15:00Z,2767321.0,,,307572,,,,,224781.0,7811.0,,,,,,,,,48,14916,52550,2767321,67466,2767321,174,0,5206581e7b88b937d30d4319eb27f2bc3fbc78e2,0,0,0,0,0,
141,20200716,TX,292656,,2407199.0,,posNeg,2699855,10457.0,,,,,,155937.0,B,7/15/2020 17:00,2020-07-15T17:00:00Z,07/15 13:00,3561.0,,2020-07-15T17:00:00Z,2699855.0,,,292656,,,,,224433.0,7806.0,,,,,,,,,48,10291,47365,2699855,57656,2699855,129,0,45a2f591605242900665966cb708c2fce2e9ca2e,0,0,0,0,0,
142,20200715,TX,282365,,2359834.0,,posNeg,2642199,10471.0,,,,,,149276.0,B,7/15/2020 17:00,2020-07-15T17:00:00Z,07/15 13:00,3432.0,,2020-07-15T17:00:00Z,2642199.0,,,282365,,,,,222342.0,7652.0,,,,,,,,,48,7307,36212,2642199,43519,2642199,110,0,04a56244c76dc18de3baf1e04f33fefa603fe92a,0,0,0,0,0,
143,20200714,TX,275058,,2323622.0,,posNeg,2598680,10569.0,,,,,,142398.0,B,7/14/2020 17:25,2020-07-14T17:25:00Z,07/14 13:25,3322.0,,2020-07-14T17:25:00Z,2598680.0,,,275058,,,,,222123.0,7646.0,,,,,,,,,48,10745,47810,2598680,58555,2598680,87,0,a366312a0f5990b5281be8010968c7f25183280a,0,0,0,0,0,
144,20200713,TX,264313,,2275812.0,,posNeg,2540125,10405.0,,,,,,136419.0,B,7/13/2020 16:30,2020-07-13T16:30:00Z,07/13 12:30,3235.0,,2020-07-13T16:30:00Z,2540125.0,,,264313,,,,,217734.0,7542.0,,,,,,,,,48,5655,41716,2540125,47371,2540125,43,0,32c7b6e54e06466299ee344a55c7ddd2f26a726d,0,0,0,0,0,
145,20200712,TX,258658,,2234096.0,,posNeg,2492754,10410.0,,,,,,132638.0,B,7/12/2020 16:30,2020-07-12T16:30:00Z,07/12 12:30,3192.0,,2020-07-12T16:30:00Z,2492754.0,,,258658,,,,,217536.0,7521.0,,,,,,,,,48,8196,54934,2492754,63130,2492754,80,0,3cce58f2f0575e8e405f702d036650df3522f77b,0,0,0,0,0,
146,20200711,TX,250462,,2179162.0,,posNeg,2429624,10083.0,,,,,,127880.0,B,7/11/2020 16:35,2020-07-11T16:35:00Z,07/11 12:35,3112.0,,2020-07-11T16:35:00Z,2429624.0,,,250462,,,,,214872.0,7485.0,,,,,,,,,48,10351,29484,2429624,39835,2429624,99,0,913b763a27340bade211aa35895a0002c07d4c4f,0,0,0,0,0,
147,20200710,TX,240111,,2149678.0,,posNeg,2389789,10002.0,,,,,,122996.0,B,7/10/2020 16:50,2020-07-10T16:50:00Z,07/10 12:50,3013.0,,2020-07-10T16:50:00Z,2389789.0,,,240111,,,,,214114.0,7480.0,,,,,,,,,48,9765,66812,2389789,76577,2389789,95,0,513536b1e9fdba5e871c1607e87879daad1501b8,0,0,0,0,0,
148,20200709,TX,230346,,2082866.0,,posNeg,2313212,9689.0,,,,,,118326.0,B,7/9/2020 16:50,2020-07-09T16:50:00Z,07/09 12:50,2918.0,,2020-07-09T16:50:00Z,2313212.0,,,230346,,,,,213728.0,7466.0,,,,,,,,,48,9782,44722,2313212,54504,2313212,105,0,8a8ff7fe31d9266b5deee2386597d7c38be405a5,0,0,0,0,0,
149,20200708,TX,220564,,2038144.0,,posNeg,2258708,9610.0,,,,,,113284.0,B,7/8/2020 17:45,2020-07-08T17:45:00Z,07/08 13:45,2813.0,,2020-07-08T17:45:00Z,2258708.0,,,220564,,,,,212321.0,7437.0,,,,,,,,,48,9979,27442,2258708,37421,2258708,98,0,718cc93a4b5494dcc9ef3e1db06ca7e712b0e11e,0,0,0,0,0,
150,20200707,TX,210585,,2010702.0,,posNeg,2221287,9286.0,,,,,,108485.0,B,7/7/2020 16:45,2020-07-07T16:45:00Z,07/07 12:45,2715.0,,2020-07-07T16:45:00Z,2221287.0,,,210585,,,,,210574.0,7408.0,,,,,,,,,48,10028,47530,2221287,57558,2221287,60,0,23bab079e7fee77c49b0aca9441d7b4a7c1d9d66,0,0,0,0,0,
151,20200706,TX,200557,,1963172.0,,posNeg,2163729,8698.0,,,,,,103782.0,B,7/6/2020 16:30,2020-07-06T16:30:00Z,07/06 12:30,2655.0,,2020-07-06T16:30:00Z,2163729.0,,,200557,,,,,207980.0,7368.0,,,,,,,,,48,5318,24954,2163729,30272,2163729,18,0,5aae9faec28df256c69617713a17a0f74039be11,0,0,0,0,0,
152,20200705,TX,195239,,1938218.0,,posNeg,2133457,8181.0,,,,,,100843.0,B,7/5/2020 16:15,2020-07-05T16:15:00Z,07/05 12:15,2637.0,,2020-07-05T16:15:00Z,2133457.0,,,195239,,,,,204641.0,7307.0,,,,,,,,,48,3449,58199,2133457,61648,2133457,29,0,fd519126ecd051d15422c96b622d674cd636667d,0,0,0,0,0,
153,20200704,TX,191790,,1880019.0,,posNeg,2071809,7890.0,,,,,,97430.0,B,7/4/2020 16:15,2020-07-04T16:15:00Z,07/04 12:15,2608.0,,2020-07-04T16:15:00Z,2071809.0,,,191790,,,,,201782.0,7274.0,,,,,,,,,48,8258,49645,2071809,57903,2071809,33,0,2b95aceedcfbe4bfd9983b05c471b037d654e24f,0,0,0,0,0,
154,20200703,TX,183532,,1830374.0,,posNeg,2013906,7652.0,,,,,,93572.0,B,7/3/2020 16:25,2020-07-03T16:25:00Z,07/03 12:25,2575.0,,2020-07-03T16:25:00Z,2013906.0,,,183532,,,,,199041.0,7255.0,,,,,,,,,48,7555,30548,2013906,38103,2013906,50,0,8c1fff1514a3682c8c3c37a91018f95892d58ad4,0,0,0,0,0,
155,20200702,TX,175977,,1799826.0,,posNeg,1975803,7382.0,,,,,,90720.0,B,7/2/2020 16:40,2020-07-02T16:40:00Z,07/02 12:40,2525.0,,2020-07-02T16:40:00Z,1975803.0,,,175977,,,,,198745.0,7243.0,,,,,,,,,48,7915,45940,1975803,53855,1975803,44,0,119dd43ff93f15d16e2c61e072b541b600858b9f,0,0,0,0,0,
156,20200701,TX,168062,,1753886.0,,posNeg,1921948,6904.0,,,,,,87556.0,B,7/1/2020 16:50,2020-07-01T16:50:00Z,07/01 12:50,2481.0,,2020-07-01T16:50:00Z,1921948.0,,,168062,,,,,197088.0,7234.0,,,,,,,,,48,8076,44590,1921948,52666,1921948,57,0,48b1e248177e53d26de7cac9beee2651ab06730d,0,0,0,0,0,
157,20200630,TX,159986,,1709296.0,,posNeg,1869282,6533.0,,,,,,84818.0,B,6/30/2020 17:00,2020-06-30T17:00:00Z,06/30 13:00,2424.0,,2020-06-30T17:00:00Z,1869282.0,,,159986,,,,,192657.0,7116.0,,,,,,,,,48,6975,43118,1869282,50093,1869282,21,0,a5b3378e2b3e0574cbd04a2d4f3f4527bf495e62,0,0,0,0,0,
158,20200629,TX,153011,,1666178.0,,posNeg,1819189,5913.0,,,,,,81335.0,B,6/29/2020 16:40,2020-06-29T16:40:00Z,06/29 12:40,2403.0,,2020-06-29T16:40:00Z,1819189.0,,,153011,,,,,187535.0,6973.0,,,,,,,,,48,4283,39687,1819189,43970,1819189,10,0,31ecf8b451e1f7e2489c1ccf9d29a1c5f476e917,0,0,0,0,0,
159,20200628,TX,148728,,1626491.0,,posNeg,1775219,5497.0,,,,,,79974.0,B,6/28/2020 16:40,2020-06-28T16:40:00Z,06/28 12:40,2393.0,,2020-06-28T16:40:00Z,1775219.0,,,148728,,,,,184398.0,6940.0,,,,,,,,,48,5357,47036,1775219,52393,1775219,27,0,c172e89e62c065c2d290fc791f0366dd0f512423,0,0,0,0,0,
160,20200627,TX,143371,,1579455.0,,posNeg,1722826,5523.0,,,,,,78248.0,B,6/27/2020 15:50,2020-06-27T15:50:00Z,06/27 11:50,2366.0,,2020-06-27T15:50:00Z,1722826.0,,,143371,,,,,180835.0,6918.0,,,,,,,,,48,5747,19745,1722826,25492,1722826,42,0,953ed0ad817397022b8f98d6ca1bb9c8a9d6483c,0,0,0,0,0,
161,20200626,TX,137624,,1559710.0,,posNeg,1697334,5102.0,,,,,,76282.0,B,6/26/2020 16:50,2020-06-26T16:50:00Z,06/26 12:50,2324.0,,2020-06-26T16:50:00Z,1697334.0,,,137624,,,,,177863.0,6871.0,,,,,,,,,48,5707,32287,1697334,37994,1697334,28,0,17ed86f556f344dcd92c5d8c407e83b371103690,0,0,0,0,0,
162,20200625,TX,131917,,1527423.0,,posNeg,1659340,4739.0,,,,,,74496.0,B,6/25/2020 17:00,2020-06-25T17:00:00Z,06/25 13:00,2296.0,,2020-06-25T17:00:00Z,1659340.0,,,131917,,,,,176697.0,6823.0,,,,,,,,,48,5996,23086,1659340,29082,1659340,47,0,d65bffedd269c82da4c8594ea371a82e63a5c941,0,0,0,0,0,
163,20200624,TX,125921,,1504337.0,,posNeg,1630258,4389.0,,,,,,72898.0,B,6/24/2020 16:50,2020-06-24T16:50:00Z,06/24 12:50,2249.0,,2020-06-24T16:50:00Z,1630258.0,,,125921,,,,,175384.0,6770.0,,,,,,,,,48,5551,27417,1630258,32968,1630258,29,0,0b79b492cfffff94cd4996c0b253037c9d1f1402,0,0,0,0,0,
164,20200623,TX,120370,,1476920.0,,posNeg,1597290,4092.0,,,,,,70714.0,B,6/23/2020 16:50,2020-06-23T16:50:00Z,06/23 12:50,2220.0,,2020-06-23T16:50:00Z,1597290.0,,,120370,,,,,170411.0,6606.0,,,,,,,,,48,5489,42792,1597290,48281,1597290,28,0,9125acc10bb626cac503f722c3ee5b3380211950,0,0,0,0,0,
165,20200622,TX,114881,,1434128.0,,posNeg,1549009,3711.0,,,,,,69190.0,B,6/22/2020 16:40,2020-06-22T16:40:00Z,06/22 12:40,2192.0,,2020-06-22T16:40:00Z,1549009.0,,,114881,,,,,166168.0,6527.0,,,,,,,,,48,3280,19549,1549009,22829,1549009,10,0,bfdfec67c446939249ceabde3ae8164aadea2a00,0,0,0,0,0,
166,20200621,TX,111601,,1414579.0,,posNeg,1526180,3409.0,,,,,,68499.0,B,6/21/2020 16:05,2020-06-21T16:05:00Z,06/21 12:05,2182.0,,2020-06-21T16:05:00Z,1526180.0,,,111601,,,,,163944.0,6493.0,,,,,,,,,48,3866,58916,1526180,62782,1526180,17,0,fb4c99a09690c8ebc735ca3dfe04550783041dee,0,0,0,0,0,
167,20200620,TX,107735,,1355663.0,,posNeg,1463398,3247.0,,,,,,67096.0,B,6/20/2020 16:20,2020-06-20T16:20:00Z,06/20 12:20,2165.0,,2020-06-20T16:20:00Z,1463398.0,,,107735,,,,,159453.0,6431.0,,,,,,,,,48,4430,35054,1463398,39484,1463398,25,0,35a3dacc2da0e641d8c49656d3b20198dafc6f06,0,0,0,0,0,
168,20200619,TX,103305,,1320609.0,,posNeg,1423914,3148.0,,,,,,65329.0,B,6/19/2020 16:00,2020-06-19T16:00:00Z,06/19 12:00,2140.0,,2020-06-19T16:00:00Z,1423914.0,,,103305,,,,,153011.0,6262.0,,,,,,,,,48,3454,12719,1423914,16173,1423914,35,0,caa2dcc3e5e8e41aca10c693ee2b4bedf23c4dc9,0,0,0,0,0,
169,20200618,TX,99851,,1307890.0,,posNeg,1407741,2947.0,,,,,,63812.0,B,6/18/2020 17:15,2020-06-18T17:15:00Z,06/18 13:15,2105.0,,2020-06-18T17:15:00Z,1407741.0,,,99851,,,,,152796.0,6258.0,,,,,,,,,48,3516,34587,1407741,38103,1407741,43,0,dd4193ecd2ebfdcf7098c05667f89c6342b1196d,0,0,0,0,0,
170,20200617,TX,96335,,1273303.0,,posNeg,1369638,2793.0,,,,,,62368.0,B,6/17/2020 16:45,2020-06-17T16:45:00Z,06/17 12:45,2062.0,,2020-06-17T16:45:00Z,1369638.0,,,96335,,,,,152796.0,6258.0,,,,,,,,,48,3129,18067,1369638,21196,1369638,33,0,929c5494ccf0208e9297250dca1e7091c121a6ea,0,0,0,0,0,
171,20200616,TX,93206,,1255236.0,,posNeg,1348442,2518.0,,,,,,60681.0,B,6/16/2020 17:15,2020-06-16T17:15:00Z,06/16 13:15,2029.0,,2020-06-16T17:15:00Z,1348442.0,,,93206,,,,,150573.0,6189.0,,,,,,,,,48,4098,29583,1348442,33681,1348442,46,0,2a05f0893510208136cc6951b6ee4e6e5bb05a54,0,0,0,0,0,
172,20200615,TX,89108,,1225653.0,,posNeg,1314761,2326.0,,,,,,59089.0,B,6/15/2020 16:50,2020-06-15T16:50:00Z,06/15 12:50,1983.0,,2020-06-15T16:50:00Z,1314761.0,,,89108,,,,,149090.0,6135.0,,,,,,,,,48,1254,17524,1314761,18778,1314761,7,0,ba2159f5d74b800fdb01c5754d45262f7ad2347b,0,0,0,0,0,
173,20200614,TX,87854,,1208129.0,,posNeg,1295983,2287.0,,,,,,58341.0,B,6/14/2020 16:00,2020-06-14T16:00:00Z,06/14 12:00,1976.0,,2020-06-14T16:00:00Z,1295983.0,,,87854,,,,,146967.0,6062.0,,,,,,,,,48,1843,33821,1295983,35664,1295983,19,0,b7407dc816a70fc203b186b7ce052027b1d2b1c3,0,0,0,0,0,
174,20200613,TX,86011,,1174308.0,,posNeg,1260319,2242.0,,,,,,56535.0,B,6/13/2020 16:50,2020-06-13T16:50:00Z,06/13 12:50,1957.0,,2020-06-13T16:50:00Z,1260319.0,,,86011,,,,,144050.0,5963.0,,,,,,,,,48,2331,31031,1260319,33362,1260319,18,0,353cef219a0ae1bb31c9fd1cdb9184a7ee1b8d88,0,0,0,0,0,
175,20200612,TX,83680,,1143277.0,,posNeg,1226957,2166.0,,,,,,55258.0,B,6/12/2020 16:40,2020-06-12T16:40:00Z,06/12 12:40,1939.0,,2020-06-12T16:40:00Z,1226957.0,,,83680,,,,,143174.0,5925.0,,,,,,,,,48,2097,18540,1226957,20637,1226957,19,0,fc0a78e8b1d9eb6ce33999ccc86507a781a4cda9,0,0,0,0,0,
176,20200611,TX,81583,,1124737.0,,posNeg,1206320,2008.0,,,,,,54096.0,B,6/11/2020 21:30,2020-06-11T21:30:00Z,06/11 17:30,1920.0,,2020-06-11T21:30:00Z,1206320.0,,,81583,,,,,142573.0,5906.0,,,,,,,,,48,1826,43407,1206320,45233,1206320,35,0,e14976d49588b4f13a14336ff01fc4542877e8a1,0,0,0,0,0,
177,20200610,TX,79757,,1081330.0,,posNeg,1161087,2153.0,,,,,,52449.0,B,6/10/2020 16:45,2020-06-10T16:45:00Z,06/10 12:45,1885.0,,2020-06-10T16:45:00Z,1161087.0,,,79757,,,,,140962.0,5812.0,,,,,,,,,48,2504,11228,1161087,13732,1161087,32,0,855e90953f81fbb37d9396cce04fb3ccabe112cf,0,0,0,0,0,
178,20200609,TX,77253,,1070102.0,,posNeg,1147355,2056.0,,,,,,51140.0,B,6/9/2020 16:50,2020-06-09T16:50:00Z,06/09 12:50,1853.0,,2020-06-09T16:50:00Z,1147355.0,,,77253,,,,,138784.0,5710.0,,,,,,,,,48,1637,25402,1147355,27039,1147355,23,0,fb1a0d0c432a728b0d191d1fdc5a1950f683c47b,0,0,0,0,0,
179,20200608,TX,75616,,1044700.0,,posNeg,1120316,1935.0,,,,,,49758.0,B,6/7/2020 16:30,2020-06-07T16:30:00Z,06/07 12:30,1830.0,,2020-06-07T16:30:00Z,1120316.0,,,75616,,,,,118509.0,4767.0,,,,,,,,,48,638,19232,1120316,19870,1120316,0,0,fc19d2c3b07b769db3e1ecd974f8cc46b6f906f7,0,0,0,0,0,
180,20200607,TX,74978,,1025468.0,,posNeg,1100446,1878.0,,,,,,49758.0,B,6/7/2020 14:30,2020-06-07T14:30:00Z,06/07 10:30,1830.0,,2020-06-07T14:30:00Z,1100446.0,,,74978,,,,,118509.0,4767.0,,,,,,,,,48,1425,5744,1100446,7169,1100446,11,0,02292287bddabb353fcb6c45b44206f51110006f,0,0,0,0,0,
181,20200606,TX,73553,,1019724.0,,posNeg,1093277,1822.0,,,,,,48895.0,B,6/6/2020 17:00,2020-06-06T17:00:00Z,06/06 13:00,1819.0,,2020-06-06T17:00:00Z,1093277.0,,,73553,,,,,115910.0,4659.0,,,,,,,,,48,1940,29761,1093277,31701,1093277,31,0,2ddd432ab204ee68a985c724f867d3b9bf2bbdc8,0,0,0,0,0,
182,20200605,TX,71613,,989963.0,,posNeg,1061576,1855.0,,,,,,47865.0,B,6/5/2020 17:00,2020-06-05T17:00:00Z,06/05 13:00,1788.0,,2020-06-05T17:00:00Z,1061576.0,,,71613,,,,,113372.0,4549.0,,,,,,,,,48,1693,21328,1061576,23021,1061576,21,0,d286807391cb4e8238f27deb8b98563013891313,0,0,0,0,0,
183,20200604,TX,69920,,968635.0,,posNeg,1038555,1796.0,,,,,,46799.0,B,6/4/2020 16:50,2020-06-04T16:50:00Z,06/04 12:50,1767.0,,2020-06-04T16:50:00Z,1038555.0,,,69920,,,,,112313.0,4500.0,,,,,,,,,48,1649,30138,1038555,31787,1038555,33,0,805e0e68060fb3dbdc5d927ac8c2e34c9d578899,0,0,0,0,0,
184,20200603,TX,68271,,938497.0,,posNeg,1006768,1487.0,,,,,,45858.0,B,6/3/2020 16:25,2020-06-03T16:25:00Z,06/03 12:25,1734.0,,2020-06-03T16:25:00Z,1006768.0,,,68271,,,,,110506.0,4395.0,,,,,,,,,48,1703,18841,1006768,20544,1006768,36,0,585c07860d765557a3df25534fe9a04b012d5124,0,0,0,0,0,
185,20200602,TX,66568,,919656.0,,posNeg,986224,1773.0,,,,,,44517.0,B,6/2/2020 16:00,2020-06-02T16:00:00Z,06/02 12:00,1698.0,,2020-06-02T16:00:00Z,986224.0,,,66568,,,,,107452.0,4258.0,,,,,,,,,48,1688,14505,986224,16193,986224,20,0,eac5e52a4adf2873abf4deec1030ece233d221b7,0,0,0,0,0,
186,20200601,TX,64880,,905151.0,,posNeg,970031,1756.0,,,,,,43338.0,B,6/1/2020 17:00,2020-06-01T17:00:00Z,06/01 13:00,1678.0,,2020-06-01T17:00:00Z,970031.0,,,64880,,,,,103460.0,4080.0,,,,,,,,,48,593,17573,970031,18166,970031,6,0,2a15bd52d53dd90fec51d1170106c49e2f71ffcd,0,0,0,0,0,
187,20200531,TX,64287,,887578.0,,posNeg,951865,1684.0,,,,,,42423.0,B,5/31/2020 16:30,2020-05-31T16:30:00Z,05/31 12:30,1672.0,,2020-05-31T16:30:00Z,951865.0,,,64287,,,,,102928.0,4044.0,,,,,,,,,48,1949,21399,951865,23348,951865,46,0,32b756d8347600898a844b34ff6bb4de49ea26e9,0,0,0,0,0,
188,20200530,TX,62338,,866179.0,,posNeg,928517,1752.0,,,,,,40068.0,B,5/29/2020 16:45,2020-05-29T16:45:00Z,05/29 12:45,1626.0,,2020-05-29T16:45:00Z,928517.0,,,62338,,,,,98932.0,3882.0,,,,,,,,,48,1332,33910,928517,35242,928517,0,0,af2bf88318b5acab9091a136c5af9df09d3196fc,0,0,0,0,0,
189,20200529,TX,61006,,832269.0,,posNeg,893275,1701.0,,,,,,40068.0,B,5/28/2020 16:30,2020-05-28T16:30:00Z,05/28 12:30,1626.0,,2020-05-28T16:30:00Z,893275.0,,,61006,,,,,96719.0,3782.0,,,,,,,,,48,1230,18827,893275,20057,893275,25,0,565d9ddcb0e97cfa71a98ba3084ccef9cf1e3f86,0,0,0,0,0,
190,20200528,TX,59776,,813442.0,,posNeg,873218,1692.0,,,,,,38905.0,B,5/28/2020 16:30,2020-05-28T16:30:00Z,05/28 12:30,1601.0,,2020-05-28T16:30:00Z,873218.0,,,59776,,,,,88643.0,3445.0,,,,,,,,,48,1855,15689,873218,17544,873218,39,0,86ad62369d5fbb3ff2ef124a46c5243ca8ce57c2,0,0,0,0,0,
191,20200527,TX,57921,,797753.0,,posNeg,855674,1645.0,,,,,,37626.0,B,5/27/2020 16:40,2020-05-27T16:40:00Z,05/27 12:40,1562.0,,2020-05-27T16:40:00Z,855674.0,,,57921,,,,,87565.0,3406.0,,,,,,,,,48,1361,33080,855674,34441,855674,26,0,1cba4d2ac75476128664f6a838411fc5717eb55f,0,0,0,0,0,
192,20200526,TX,56560,,764673.0,,posNeg,821233,1534.0,,,,,,36375.0,B,5/26/2020 17:00,2020-05-26T17:00:00Z,05/26 13:00,1536.0,,2020-05-26T17:00:00Z,821233.0,,,56560,,,,,84841.0,3294.0,,,,,,,,,48,589,14990,821233,15579,821233,9,0,8d3feb6aeee7e9d4a42d7124620de7a64b68d8da,0,0,0,0,0,
193,20200525,TX,55971,,749683.0,,posNeg,805654,1511.0,,,,,,35292.0,B,5/25/2020 04:30,2020-05-25T04:30:00Z,05/25 00:30,1527.0,,2020-05-25T04:30:00Z,805654.0,,,55971,,,,,80700.0,3163.0,,,,,,,,,48,623,41486,805654,42109,805654,21,0,dc42954578d066998b39de6625a184906d12853e,0,0,0,0,0,
194,20200524,TX,55348,,708197.0,,posNeg,763545,1572.0,,,,,,33385.0,B,5/23/2020 04:45,2020-05-23T04:45:00Z,05/23 00:45,1506.0,,2020-05-23T04:45:00Z,762706.0,,,55348,,,,,71731.0,2866.0,,,,,,,,,48,839,0,763545,839,763545,0,0,64d9723806eb18d6387d171fcfed1d3f36779c43,0,0,0,0,0,
195,20200523,TX,54509,,708197.0,,posNeg,762706,1688.0,,,,,,32277.0,B,5/22/2020 17:00,2020-05-22T17:00:00Z,05/22 13:00,1506.0,,2020-05-22T17:00:00Z,762706.0,,,54509,,,,,60252.0,2463.0,,,,,,,,,48,1060,20284,762706,21344,762706,26,0,76b3c55197918b6320e0cea0bc8024a9713cf266,0,0,0,0,0,
196,20200522,TX,53449,,687913.0,,posNeg,741362,1578.0,,,,,,31223.0,B,5/21/2020 17:55,2020-05-21T17:55:00Z,05/21 13:55,1480.0,,2020-05-21T17:55:00Z,740181.0,,,53449,,,,,49313.0,2463.0,,,,,,,,,48,1181,0,741362,1181,741362,40,0,7a86d73f10d0c745bc5f1b01c2c05f8d24b71259,0,0,0,0,0,
197,20200521,TX,52268,,687913.0,,posNeg,740181,1680.0,,,,,,30341.0,B,5/20/2020 16:50,2020-05-20T16:50:00Z,05/20 12:50,1440.0,,2020-05-20T16:50:00Z,740181.0,,,52268,,,,,60252.0,2114.0,,,,,,,,,48,945,18308,740181,19253,740181,21,0,e09003ea3b2ea1931f22b0abc809814e43578411,0,0,0,0,0,
198,20200520,TX,51323,,669605.0,,posNeg,720928,1791.0,,,,,,30341.0,B,5/19/2020 16:50,2020-05-19T16:50:00Z,05/19 12:50,1419.0,,2020-05-19T16:50:00Z,720928.0,,,51323,,,,,49313.0,,,,,,,,,,48,1411,19371,720928,20782,720928,50,0,716993d23d34634482e8561d247423d020ee77c4,0,0,0,0,0,
199,20200519,TX,49912,,650234.0,,posNeg,700146,1732.0,,,,,,29359.0,A,5/19/2020 16:50,2020-05-19T16:50:00Z,05/19 12:50,1369.0,,2020-05-19T16:50:00Z,700146.0,,,49912,,,,,44791.0,,,,,,,,,,48,1219,19082,700146,20301,700146,22,0,210750b36a8f8aeb3f66db068c76dfb87c6b12ef,0,0,0,0,0,
200,20200518,TX,48693,,631152.0,,posNeg,679845,1551.0,,,,,,28371.0,A,5/18/2020 16:25,2020-05-18T16:25:00Z,05/18 12:25,1347.0,,2020-05-18T16:25:00Z,679845.0,,,48693,,,,,43168.0,,,,,,,,,,48,909,28581,679845,29490,679845,11,0,143424e82d557940cb6522ca3e496ea7fff8d620,0,0,0,0,0,
201,20200517,TX,47784,,602571.0,,posNeg,650355,1512.0,,,,,,27570.0,A,5/17/2020 16:15,2020-05-17T16:15:00Z,05/17 12:15,1336.0,,2020-05-17T16:15:00Z,650355.0,,,47784,,,,,42921.0,,,,,,,,,,48,785,10831,650355,11616,650355,31,0,0e4d6182bc20e20eb690350bde85239b536e04bb,0,0,0,0,0,
202,20200516,TX,46999,,591740.0,,posNeg,638739,1791.0,,,,,,26601.0,A,5/15/2020 16:15,2020-05-15T16:15:00Z,05/15 12:15,1305.0,,2020-05-15T16:15:00Z,638739.0,,,46999,,,,,39732.0,,,,,,,,,,48,1801,27308,638739,29109,638739,33,0,760853fb1bb2faf2901170996a1a428965560d40,0,0,0,0,0,
203,20200515,TX,45198,,564432.0,,posNeg,609630,1716.0,,,,,,25454.0,A,5/15/2020 16:15,2020-05-15T16:15:00Z,05/15 12:15,1272.0,,2020-05-15T16:15:00Z,609630.0,,,45198,,,,,36362.0,,,,,,,,,,48,1347,20970,609630,22317,609630,56,0,74e0eff4cf9eb86588215601b1b72e18473f323d,0,0,0,0,0,
204,20200514,TX,43851,,543462.0,,posNeg,587313,1648.0,,,,,,24487.0,A,5/14/2020 16:30,2020-05-14T16:30:00Z,05/14 12:30,1216.0,,2020-05-14T16:30:00Z,587313.0,,,43851,,,,,35971.0,,,,,,,,,,48,1448,29089,587313,30537,587313,58,0,515515e40e32d948bfe3689c2903a21b4bb71966,0,0,0,0,0,
205,20200513,TX,42403,,514373.0,,posNeg,556776,1676.0,,,,,,23519.0,A,5/13/2020 16:20,2020-05-13T16:20:00Z,05/13 12:20,1158.0,,2020-05-13T16:20:00Z,556776.0,,,42403,,,,,30655.0,,,,,,,,,,48,1355,17249,556776,18604,556776,25,0,5e97283570381eeba49c2bae909227b953a6f11c,0,0,0,0,0,
206,20200512,TX,41048,,497124.0,,posNeg,538172,1725.0,,,,,,22674.0,A,5/11/2020 16:25,2020-05-11T16:25:00Z,05/11 12:25,1133.0,,2020-05-11T16:25:00Z,,,,41048,,,,,,,,,,,,,,,48,1179,11296,538172,12475,538172,33,0,929d26f655827a77a04ee33bd13f86205a2e2399,0,0,0,0,0,
207,20200511,TX,39869,,485828.0,,posNeg,525697,1525.0,,,,,,21713.0,B,5/10/2020 16:35,2020-05-10T16:35:00Z,05/10 12:35,1100.0,,2020-05-10T16:35:00Z,,,,39869,483.0,,,,,,,,,,,,,,48,1000,22921,525697,23921,525697,12,0,6b8087ee238bf97e50863e9cfd5f42b2b72cb70c,0,0,0,0,0,
208,20200510,TX,38869,,462907.0,,posNeg,501776,1626.0,,,,,,21022.0,B,5/10/2020 16:35,2020-05-10T16:35:00Z,05/10 12:35,1088.0,,2020-05-10T16:35:00Z,,,,38869,481.0,,,,,,,,,,,,,,48,1009,11473,501776,12482,501776,39,0,86f9de25371f6f8b93662a5c8864a342720f86cb,0,0,0,0,0,
209,20200509,TX,37860,,451434.0,,posNeg,489294,1735.0,,,,,,20141.0,B,5/9/2020 13:15,2020-05-09T13:15:00Z,05/09 09:15,1049.0,,2020-05-09T13:15:00Z,,,,37860,470.0,,,,,,,,,,,,,,48,1251,10925,489294,12176,489294,45,0,6f960f23fe252ca3277d30260952449b65b9b728,0,0,0,0,0,
210,20200508,TX,36609,,440509.0,,posNeg,477118,1734.0,,,,,,19197.0,B,5/8/2020 13:00,2020-05-08T13:00:00Z,05/08 09:00,1004.0,,2020-05-08T13:00:00Z,,,,36609,453.0,,,,,,,,,,,,,,48,1219,20737,477118,21956,477118,31,0,34eef5b6976de7b1d09b91fdbf1a3d8a3453e82f,0,0,0,0,0,
211,20200507,TX,35390,,419772.0,,posNeg,455162,1750.0,,,,,,18440.0,B,5/7/2020 13:00,2020-05-07T13:00:00Z,05/07 09:00,973.0,,2020-05-07T13:00:00Z,,,,35390,449.0,,,,,,,,,,,,,,48,968,15256,455162,16224,455162,25,0,a45ffdf9a5ee38d0898b6405a1128c8413be1065,0,0,0,0,0,
212,20200506,TX,34422,,404516.0,,posNeg,438938,1812.0,,,,,,17622.0,B,5/6/2020 13:20,2020-05-06T13:20:00Z,05/06 09:20,948.0,,2020-05-06T13:20:00Z,,,,34422,443.0,,,,,,,,,,,,,,48,1053,10675,438938,11728,438938,42,0,9830481ec3b2e0da2f16f77251b4902c66a83ce2,0,0,0,0,0,
213,20200505,TX,33369,,393841.0,,posNeg,427210,1888.0,,,,,,16791.0,B,5/5/2020 13:15,2020-05-05T13:15:00Z,05/05 09:15,906.0,,2020-05-05T13:15:00Z,,,,33369,433.0,,,,,,,,,,,,,,48,1037,18775,427210,19812,427210,22,0,079e02fb694439eb88073ba9ffd75eed68b3f40a,0,0,0,0,0,
214,20200504,TX,32332,,375066.0,,posNeg,407398,1533.0,,,,,,16090.0,B,5/4/2020 13:15,2020-05-04T13:15:00Z,05/04 09:15,884.0,,2020-05-04T13:15:00Z,,,,32332,414.0,,,,,,,,,,,,,,48,784,16054,407398,16838,407398,17,0,6ab2269212d8a6721f276a372ebe53b6d60c20fc,0,0,0,0,0,
215,20200503,TX,31548,,359012.0,,posNeg,390560,1540.0,,,,,,15544.0,B,5/2/2020 12:45,2020-05-02T12:45:00Z,05/02 08:45,867.0,,2020-05-02T12:45:00Z,,,,31548,,,,,,,,,,,,,,,48,1026,8886,390560,9912,390560,20,0,8a9c5b48ba702888e2e212d051d21776655fb444,0,0,0,0,0,
216,20200502,TX,30522,,350126.0,,posNeg,380648,1725.0,,,,,,14891.0,B,5/2/2020 12:45,2020-05-02T12:45:00Z,05/02 08:45,847.0,,2020-05-02T12:45:00Z,,,,30522,,,,,,,,,,,,,,,48,1293,27580,380648,28873,380648,31,0,61226ee192100ce4c50d0694437082b0c70628a3,0,0,0,0,0,
217,20200501,TX,29229,,322546.0,,posNeg,351775,1778.0,,,,,,14122.0,B,5/1/2020 13:00,2020-05-01T13:00:00Z,05/01 09:00,816.0,,2020-05-01T13:00:00Z,,,,29229,,,,,,,,,,,,,,,48,1142,20333,351775,21475,351775,34,0,21fd94f01ea2352b98cfca9e98f64dcd0b88898b,0,0,0,0,0,
218,20200430,TX,28087,,302213.0,,posNeg,330300,1686.0,,,,,,13353.0,B,4/29/2020 13:00,2020-04-29T13:00:00Z,04/29 09:00,782.0,,2020-04-29T13:00:00Z,,,,28087,,,,,,,,,,,,,,,48,1033,14477,330300,15510,330300,50,0,ea0f785d9fec2733310115739b4d882bbf820408,0,0,0,0,0,
219,20200429,TX,27054,,287736.0,,posNeg,314790,1702.0,,,,,,12507.0,B,4/29/2020 13:00,2020-04-29T13:00:00Z,04/29 09:00,732.0,,2020-04-29T13:00:00Z,,,,27054,,,,,,,,,,,,,,,48,883,13523,314790,14406,314790,42,0,c675979fa7c4882e81e9dfb056c7b5b694f0b9ed,0,0,0,0,0,
220,20200428,TX,26171,,274213.0,,posNeg,300384,1682.0,,,,,,11786.0,B,4/28/2020 13:00,2020-04-28T13:00:00Z,04/28 09:00,690.0,,2020-04-28T13:00:00Z,,,,26171,,,,,,,,,,,,,,,48,874,8993,300384,9867,300384,27,0,d88c267d24cea8444a85a132137c4ad6fdac2194,0,0,0,0,0,
221,20200427,TX,25297,,265220.0,,posNeg,290517,1563.0,,,,,,11170.0,B,4/27/2020 13:10,2020-04-27T13:10:00Z,04/27 09:10,663.0,,2020-04-27T13:10:00Z,,,,25297,,,,,,,,,,,,,,,48,666,13830,290517,14496,290517,15,0,13c7dd1984f3c6e4f11c4f7a9e8d4ef628b02c1e,0,0,0,0,0,
222,20200426,TX,24631,,251390.0,,posNeg,276021,1542.0,,,,,,10763.0,B,4/26/2020 12:40,2020-04-26T12:40:00Z,04/26 08:40,648.0,,2020-04-26T12:40:00Z,,,,24631,,,,,,,,,,,,,,,48,858,12347,276021,13205,276021,25,0,a1551715b7b58f7931f0e5530f219c3f8d28a4a1,0,0,0,0,0,
223,20200425,TX,23773,,239043.0,,posNeg,262816,1597.0,,,,,,9986.0,B,4/25/2020 13:00,2020-04-25T13:00:00Z,04/25 09:00,623.0,,2020-04-25T13:00:00Z,,,,23773,,,,,,,,,,,,,,,48,967,19302,262816,20269,262816,30,0,c88031bf4fc133315764b09b323a1b390c70e15f,0,0,0,0,0,
224,20200424,TX,22806,,219741.0,,posNeg,242547,1674.0,,,,,,9156.0,A,4/24/2020 12:30,2020-04-24T12:30:00Z,04/24 08:30,593.0,,2020-04-24T12:30:00Z,,,,22806,,,,,,,,,,,,,,,48,862,16607,242547,17469,242547,32,0,f39ac06815090d338971bba2647f710f87109313,0,0,0,0,0,
225,20200423,TX,21944,,203134.0,,posNeg,225078,1649.0,,,,,,8025.0,A,4/23/2020 12:30,2020-04-23T12:30:00Z,04/23 08:30,561.0,,2020-04-23T12:30:00Z,,,,21944,,,,,,,,,,,,,,,48,875,7420,225078,8295,225078,18,0,b417f9e5c5b4c9b0cd804b4b0a56a12ef7cc85ef,0,0,0,0,0,
226,20200422,TX,21069,,195714.0,,posNeg,216783,1678.0,,,,,,7341.0,A,4/22/2020 13:15,2020-04-22T13:15:00Z,04/22 09:15,543.0,,2020-04-22T13:15:00Z,,,,21069,,,,,,,,,,,,,,,48,873,10511,216783,11384,216783,26,0,64532842f2d2b3df13f429eb410ce1912684520c,0,0,0,0,0,
227,20200421,TX,20196,,185203.0,,posNeg,205399,1419.0,,,,,,6486.0,A,4/21/2020 13:00,2020-04-21T13:00:00Z,04/21 09:00,517.0,,2020-04-21T13:00:00Z,,,,20196,,,,,,,,,,,,,,,48,738,14267,205399,15005,205399,22,0,c06fed9c2bc7be18ade338754e6144f9135a6357,0,0,0,0,0,
228,20200420,TX,19458,,170936.0,,posNeg,190394,1411.0,,,,,,5706.0,A,4/20/2020 12:45,2020-04-20T12:45:00Z,04/20 08:45,495.0,,2020-04-20T12:45:00Z,,,,19458,,,,,,,,,,,,,,,48,535,7149,190394,7684,190394,18,0,ad028af7fc4685083e1241bf9d70d50c0edfa235,0,0,0,0,0,
229,20200419,TX,18923,,163787.0,,posNeg,182710,1471.0,,,,,,5334.0,A,4/19/2020 13:00,2020-04-19T13:00:00Z,04/19 09:00,477.0,,2020-04-19T13:00:00Z,,,,18923,,,,,,,,,,,,,,,48,663,5808,182710,6471,182710,24,0,d8f978d349a15a7abb7b58ed39f32e1c4508c274,0,0,0,0,0,
230,20200418,TX,18260,,157979.0,,posNeg,176239,1321.0,,,,,,4806.0,A,4/18/2020 13:45,2020-04-18T13:45:00Z,04/18 09:45,453.0,,2020-04-18T13:45:00Z,,,,18260,,,,,,,,,,,,,,,48,889,5814,176239,6703,176239,25,0,79d1c8b343ca3fc1a2eb8941b7e543103f7190a9,0,0,0,0,0,
231,20200417,TX,17371,,152165.0,,posNeg,169536,1522.0,,,,,,4190.0,A,4/17/2020 12:45,2020-04-17T12:45:00Z,04/17 08:45,428.0,,2020-04-17T12:45:00Z,,,,17371,,,,,,,,,,,,,,,48,916,10073,169536,10989,169536,35,0,c984e2acd3f15333ae1efdff3a82281204be6a2f,0,0,0,0,0,
232,20200416,TX,16455,,142092.0,,posNeg,158547,1459.0,,,,,,3677.0,A,4/16/2020 13:00,2020-04-16T13:00:00Z,04/16 09:00,393.0,,2020-04-16T13:00:00Z,,,,16455,,,,,,,,,,,,,,,48,963,5774,158547,6737,158547,29,0,ecbeb53ffd91cdba0332620834c63ce722646a80,0,0,0,0,0,
233,20200415,TX,15492,,136318.0,,posNeg,151810,1538.0,,,,,,3150.0,A,4/15/2020 13:00,2020-04-15T13:00:00Z,04/15 09:00,364.0,,2020-04-15T13:00:00Z,,,,15492,,,,,,,,,,,,,,,48,868,4475,151810,5343,151810,46,0,a93a74b62eb975ce4bc63e9a195869d1352478e9,0,0,0,0,0,
234,20200414,TX,14624,,131843.0,,posNeg,146467,1409.0,,,,,,2580.0,A,4/14/2020 12:45,2020-04-14T12:45:00Z,04/14 08:45,318.0,,2020-04-14T12:45:00Z,,,,14624,,,,,,,,,,,,,,,48,718,12523,146467,13241,146467,31,0,aa02eca0847b7e3e22278198294d06c165734680,0,0,0,0,0,
235,20200413,TX,13906,,119320.0,,posNeg,133226,1176.0,,,,,,2269.0,A,4/13/2020 12:45,2020-04-13T12:45:00Z,04/13 08:45,287.0,,2020-04-13T12:45:00Z,,,,13906,,,,,,,,,,,,,,,48,422,8271,133226,8693,133226,16,0,ffb4df0a549c8c2aa885a280320a6f8b68c6bad0,0,0,0,0,0,
236,20200412,TX,13484,,111049.0,,posNeg,124533,1338.0,,,,,,2014.0,A,4/11/2020 21:00,2020-04-11T21:00:00Z,04/11 17:00,271.0,,2020-04-11T21:00:00Z,,,,13484,,,,,,,,,,,,,,,48,923,3077,124533,4000,124533,17,0,c7a5b8f6036c28a293e4d82c13e6583467daf946,0,0,0,0,0,
237,20200411,TX,12561,,107972.0,,posNeg,120533,1514.0,,,,,,1617.0,A,4/11/2020 12:40,2020-04-11T12:40:00Z,04/11 08:40,254.0,,2020-04-11T12:40:00Z,,,,12561,,,,,,,,,,,,,,,48,890,3925,120533,4815,120533,28,0,1e15969f4571a093634f8f2cf870053d43892d92,0,0,0,0,0,
238,20200410,TX,11671,,104047.0,,posNeg,115718,1532.0,,,,,,1366.0,A,4/10/2020 13:00,2020-04-10T13:00:00Z,04/10 09:00,226.0,,2020-04-10T13:00:00Z,,,,11671,,,,,,,,,,,,,,,48,1441,8143,115718,9584,115718,27,0,69305f3c5bdfad433c9502ad04ff83a677f27b1a,0,0,0,0,0,
239,20200409,TX,10230,,95904.0,,posNeg,106134,1439.0,,,,,,1101.0,A,4/9/2020 13:15,2020-04-09T13:15:00Z,04/09 09:15,199.0,,2020-04-09T13:15:00Z,,,,10230,,,,,,,,,,,,,,,48,877,8999,106134,9876,106134,22,0,50c8fb6d2994e7493cb00910e66312c63f80e4cd,0,0,0,0,0,
240,20200408,TX,9353,,86905.0,,posNeg,96258,1491.0,,,,,,38.0,A,4/8/2020 14:21,2020-04-08T14:21:00Z,04/08 10:21,177.0,,2020-04-08T14:21:00Z,,,,9353,,,,,,,,,,,,,,,48,1091,6518,96258,7609,96258,23,0,55b7ba2bb5197c46e0ae56f8aa2cbf05c66eff30,0,0,0,0,0,
241,20200407,TX,8262,,80387.0,,posNeg,88649,1252.0,,,,,,38.0,A,4/6/2020 21:00,2020-04-06T21:00:00Z,04/06 17:00,154.0,,2020-04-06T21:00:00Z,,,,8262,,,,,,,,,,,,,,,48,986,2306,88649,3292,88649,14,0,3fa89eba43149529fa1582f144f5ef60dbcdf245,0,0,0,0,0,
242,20200406,TX,7276,,78081.0,,posNeg,85357,1153.0,,,,,,38.0,A,4/5/2020 21:00,2020-04-05T21:00:00Z,04/05 17:00,140.0,,2020-04-05T21:00:00Z,,,,7276,,,,,,,,,,,,,,,48,464,13955,85357,14419,85357,13,0,eb89a78ef3a1e713608c117da558690b715b27a3,0,0,0,0,0,
243,20200405,TX,6812,,64126.0,,posNeg,70938,827.0,,,,,,38.0,A,4/5/2020 13:00,2020-04-05T13:00:00Z,04/05 09:00,127.0,,2020-04-05T13:00:00Z,,,,6812,,,,,,,,,,,,,,,48,702,6485,70938,7187,70938,22,0,52dcfcfb5b873474f98cf6f3783a7c830a0661e6,0,0,0,0,0,
244,20200404,TX,6110,,57641.0,,posNeg,63751,196.0,,,,,,38.0,A,4/3/2020 21:00,2020-04-03T21:00:00Z,04/03 17:00,105.0,,2020-04-03T21:00:00Z,,,,6110,,,,,,,,,,,,,,,48,780,7207,63751,7987,63751,15,0,055734670135bf89a719a0d620e0f98a2e83537b,0,0,0,0,0,
245,20200403,TX,5330,,50434.0,,posNeg,55764,196.0,,,,,,38.0,A,4/2/2020 21:00,2020-04-02T21:00:00Z,04/02 17:00,90.0,,2020-04-02T21:00:00Z,,,,5330,,,,,,,,,,,,,,,48,661,4424,55764,5085,55764,20,0,07bfb05a8050b90fea453347bfc4d045394f3d7c,0,0,0,0,0,
246,20200402,TX,4669,,46010.0,,posNeg,50679,196.0,,,,,,38.0,A,4/1/2020 21:00,2020-04-01T21:00:00Z,04/01 17:00,70.0,,2020-04-01T21:00:00Z,,,,4669,,,,,,,,,,,,,,,48,672,2150,50679,2822,50679,12,0,2e8912816ad3b83348039ca1e54ec8532617383d,0,0,0,0,0,
247,20200401,TX,3997,,43860.0,,posNeg,47857,196.0,,,,,,38.0,A,3/31/2020 21:00,2020-03-31T21:00:00Z,03/31 17:00,58.0,,2020-03-31T21:00:00Z,,,,3997,,,,,,,,,,,,,,,48,731,4134,47857,4865,47857,17,0,9ef31850facf4c0d226b8ac90894167dc0bd7d45,0,0,0,0,0,
248,20200331,TX,3266,,39726.0,,posNeg,42992,196.0,,,,,,38.0,A,3/31/2020 13:45,2020-03-31T13:45:00Z,03/31 09:45,41.0,,2020-03-31T13:45:00Z,,,,3266,,,,,,,,,,,,,,,48,389,6723,42992,7112,42992,7,0,4d98d8ec61c6c12ca2ee5044e4892932f3030d02,0,0,0,0,0,
249,20200330,TX,2877,,33003.0,,posNeg,35880,,,,,,,38.0,A,3/30/2020 12:45,2020-03-30T12:45:00Z,03/30 08:45,34.0,,2020-03-30T12:45:00Z,,,,2877,,,,,,,,,,,,,,,48,325,9795,35880,10120,35880,0,0,5452ea691ea88ad32fb9e39a7c1bbe49ceac528a,0,0,0,0,0,
250,20200329,TX,2552,,23208.0,,posNeg,25760,,,,,,,,A,3/29/2020 13:45,2020-03-29T13:45:00Z,03/29 09:45,34.0,,2020-03-29T13:45:00Z,,,,2552,,,,,,,,,,,,,,,48,500,0,25760,500,25760,7,0,077b4651cf655b908c207b0e32ccc6e569f49fbb,0,0,0,0,0,
251,20200328,TX,2052,,23208.0,,posNeg,25260,,,,,,,,A,3/28/2020 12:45,2020-03-28T12:45:00Z,03/28 08:45,27.0,,2020-03-28T12:45:00Z,,,,2052,,,,,,,,,,,,,,,48,321,1273,25260,1594,25260,4,0,ec75854fbd40d1d41dacfe19a156f12c2e1ecb9c,0,0,0,0,0,
252,20200327,TX,1731,,21935.0,,posNeg,23666,,,,,,,,A,3/27/2020 13:00,2020-03-27T13:00:00Z,03/27 09:00,23.0,,2020-03-27T13:00:00Z,,,,1731,,,,,,,,,,,,,,,48,335,1907,23666,2242,23666,5,0,fad9622c414a02f2f933de7d3f86181104002fa4,0,0,0,0,0,
253,20200326,TX,1396,,20028.0,,posNeg,21424,,,,,,,,A,3/26/2020 13:00,2020-03-26T13:00:00Z,03/26 09:00,18.0,,2020-03-26T13:00:00Z,,,,1396,,,,,,,,,,,,,,,48,422,7508,21424,7930,21424,6,0,f1851c243562392cd4fcc71fc34000d0ce02a081,0,0,0,0,0,
254,20200325,TX,974,,12520.0,,posNeg,13494,,,,,,,,A,3/25/2020 12:30,2020-03-25T12:30:00Z,03/25 08:30,12.0,,2020-03-25T12:30:00Z,,,,974,,,,,,,,,,,,,,,48,564,1763,13494,2327,13494,3,0,ccd77fc324e7d8dbaca71a7e5071cbf499620eba,0,0,0,0,0,
255,20200324,TX,410,,10757.0,,posNeg,11167,,,,,,,,A,3/23/2020 21:00,2020-03-23T21:00:00Z,03/23 17:00,9.0,,2020-03-23T21:00:00Z,,,,410,,,,,,,,,,,,,,,48,58,1054,11167,1112,11167,1,0,790c5db3787b9e768e2e8313f87f62e44cf6d618,0,0,0,0,0,
256,20200323,TX,352,,9703.0,,posNeg,10055,,,,,,,,A,3/23/2020 13:00,2020-03-23T13:00:00Z,03/23 09:00,8.0,,2020-03-23T13:00:00Z,,,,352,,,,,,,,,,,,,,,48,18,1281,10055,1299,10055,3,0,9cb783f75171071fe6e03b9e42a1ff6899a54fb9,0,0,0,0,0,
257,20200322,TX,334,,8422.0,,posNeg,8756,,,,,,,,,3/21/2020 21:00,2020-03-21T21:00:00Z,03/21 17:00,5.0,,2020-03-21T21:00:00Z,,,,334,,,,,,,,,,,,,,,48,30,2204,8756,2234,8756,0,0,4f2f733226964ad6b31510fc14ce3a933f69822a,0,0,0,0,0,
258,20200321,TX,304,,6218.0,,posNeg,6522,,,,,,,,,3/21/2020 13:00,2020-03-21T13:00:00Z,03/21 09:00,5.0,,2020-03-21T13:00:00Z,,,,304,,,,,,,,,,,,,,,48,110,1135,6522,1245,6522,0,0,14faee1bb263b569bf7645dfd3b1e348a90186b7,0,0,0,0,0,
259,20200320,TX,194,,5083.0,,posNeg,5277,,,,,,,,,3/20/2020 13:00,2020-03-20T13:00:00Z,03/20 09:00,5.0,,2020-03-20T13:00:00Z,,,,194,,,,,,,,,,,,,,,48,51,2871,5277,2922,5277,2,0,83bcfc8d61f196b2af6816096c38d9ae52c8e70a,0,0,0,0,0,
260,20200319,TX,143,,2212.0,,posNeg,2355,,,,,,,,,3/19/2020 13:00,2020-03-19T13:00:00Z,03/19 09:00,3.0,,2020-03-19T13:00:00Z,,,,143,,,,,,,,,,,,,,,48,60,388,2355,448,2355,1,0,838db39d8a2d70c1e3cbbd65dbcf3cefa2196074,0,0,0,0,0,
261,20200318,TX,83,,1824.0,,posNeg,1907,,,,,,,,,3/18/2020 13:00,2020-03-18T13:00:00Z,03/18 09:00,2.0,,2020-03-18T13:00:00Z,,,,83,,,,,,,,,,,,,,,48,19,620,1907,639,1907,1,0,0d7cc33756770f4cf2e7823b14a6cc7b4e2f9354,0,0,0,0,0,
262,20200317,TX,64,,1204.0,,posNeg,1268,,,,,,,,,3/17/2020 13:00,2020-03-17T13:00:00Z,03/17 09:00,1.0,,2020-03-17T13:00:00Z,,,,64,,,,,,,,,,,,,,,48,7,1204,1268,1211,1268,1,0,778b15d93a535e2b7dcf7066eab71e54088e797f,0,0,0,0,0,
263,20200316,TX,57,,,,posNeg,57,,,,,,,,,3/16/2020 15:21,2020-03-16T15:21:00Z,03/16 11:21,,,2020-03-16T15:21:00Z,,,,57,,,,,,,,,,,,,,,48,1,0,57,1,57,0,0,24e1d571432c28c0da69a2608eec85fa97a72e24,0,0,0,0,0,
264,20200315,TX,56,,,,posNeg,56,,,,,,,,,3/15/2020 13:00,2020-03-15T13:00:00Z,03/15 09:00,,,2020-03-15T13:00:00Z,,,,56,,,,,,,,,,,,,,,48,5,0,56,5,56,0,0,f1f014735e32c930fe046047720b2c73b509dbf9,0,0,0,0,0,
265,20200314,TX,51,,,,posNeg,51,,,,,,,,,3/14/2020 13:00,2020-03-14T13:00:00Z,03/14 09:00,,,2020-03-14T13:00:00Z,,,,51,,,,,,,,,,,,,,,48,12,0,51,12,51,0,0,3c4fceb03442ed2c06aea11f282992afdd0b92a8,0,0,0,0,0,
266,20200313,TX,39,,,,posNeg,39,,,,,,,,,3/13/2020 00:00,2020-03-13T00:00:00Z,03/12 20:00,,,2020-03-13T00:00:00Z,,,,39,,,,,,,,,,,,,,,48,16,0,39,16,39,0,0,e6f3db506cc997885d1525ac3cf7733a60c9a924,0,0,0,0,0,
267,20200312,TX,23,,,,posNeg,23,,,,,,,,,3/12/2020 11:00,2020-03-12T11:00:00Z,03/12 07:00,,,2020-03-12T11:00:00Z,,,,23,,,,,,,,,,,,,,,48,2,0,23,2,23,0,0,3bc26efdf94663bf589be87e18d25675307ea132,0,0,0,0,0,
268,20200311,TX,21,,,,posNeg,21,,,,,,,,,,,,,,,,,,21,,,,,,,,,,,,,,,48,8,0,21,8,21,0,0,8eed10b8c2c63663b3becd9371221bb7d88bb9fe,0,0,0,0,0,
269,20200310,TX,13,,,,posNeg,13,,,,,,,,,,,,,,,,,,13,,,,,,,,,,,,,,,48,1,0,13,1,13,0,0,b9ff99a6be710edc642a0f167945520f5cab25e6,0,0,0,0,0,
270,20200309,TX,12,,,,posNeg,12,,,,,,,,,,,,,,,,,,12,,,,,,,,,,,,,,,48,4,0,12,4,12,0,0,ddbdccacfd83269e5025abfcba399f1804766162,0,0,0,0,0,
271,20200308,TX,8,,,,posNeg,8,,,,,,,,,,,,,,,,,,8,,,,,,,,,,,,,,,48,0,0,8,0,8,0,0,8f3116f44e9f3643bdca159150c59fc828088652,0,0,0,0,0,
272,20200307,TX,8,,,,posNeg,8,,,,,,,,,,,,,,,,,,8,,,,,,,,,,,,,,,48,3,0,8,3,8,0,0,68e05e83d6de13655dc644ea37f6cf6686291813,0,0,0,0,0,
273,20200306,TX,5,,,,posNeg,5,,,,,,,,,,,,,,,,,,5,,,,,,,,,,,,,,,48,4,0,5,4,5,0,0,d5a2ef433f2f4ae8e7a69793a81602e621f79e6b,0,0,0,0,0,
274,20200305,TX,1,,,,posNeg,1,,,,,,,,,,,,,,,,,,1,,,,,,,,,,,,,,,48,0,0,1,0,1,0,0,b37505b5a33cc5a9101a5af0acadcdfd90c5200f,0,0,0,0,0,
275,20200304,TX,1,,,,posNeg,1,,,,,,,,,,,,,,,,,,1,,,,,,,,,,,,,,,48,0,0,1,0,1,0,0,357c259b6f9ca6c5d2408d01ab4c91957279df48,0,0,0,0,0,
